Identifier,Title
901626cc-65f0-11e6-90dd-00505683028c,"Rainfed rice suitability in the Lower Mekong Basin, year 1985-2005"
be1c70b4-683c-11e6-8aa5-00505683028c,"Rainfed rice climate suitability in the Lower Mekong Basin"
77d2166e-5567-11e6-ad57-00505683028c,"Flood extent year 2013"
66c5b614-6813-11e6-88ed-00505683028c,"Maize suitability in the Lower Mekong Basin, year 2050"
5d35b388-6813-11e6-bf41-00505683028c,"Robusta coffee suitability in the Lower Mekong Basin, year 1985-2005"
591f9584-6813-11e6-bb0c-00505683028c,"Cassava suitability in the Lower Mekong Basin, year 2050"
789fda74-65f0-11e6-909c-00505683028c,"Rainfed rice suitability in the Lower Mekong Basin, year 2050"
7a081f32-5567-11e6-b8c4-00505683028c,"Flood extent year 2016 (March - May)"
6be80f80-5863-11e6-965e-00505683028c,"Wet season surface water"
e7018716-6829-11e6-bb8a-00505683028c,"Cassava climate suitability in the Lower Mekong Basin"
74b6561e-5893-11e6-9663-00505683028c,"Change in rubber climate suitability from baseline to 2050"
6f1d7082-5863-11e6-867c-00505683028c,"Dry season surface water"
645cd22c-6813-11e6-bf41-00505683028c,"Maize suitability in the Lower Mekong Basin, year 1985-2005"
5f6ce220-6813-11e6-bb0c-00505683028c,"Robusta coffee suitability in the Lower Mekong Basin, year 2050"
5ad3df3e-6813-11e6-a0ce-00505683028c,"Change in robusta coffee climate suitability from baseline to 2050"
fdcc9478-6427-11e6-9b7b-00505683028c,"USAID Mekong ARCC Climate Change Impact and Adaptation Study for the Lower Mekong Basin, 2013"
56d6b366-6813-11e6-b4de-00505683028c,"Cassava suitability in the Lower Mekong Basin, year 1985-2005"
227f68a0-683c-11e6-88ed-00505683028c,"Maize climate suitability in the Lower Mekong Basin"
3cdd0f80-683d-11e6-ae95-00505683028c,"Soy climate suitability in the Lower Mekong Basin (Current, Predicted, Shifted )"
546a092a-6813-11e6-a0ce-00505683028c,"Change in cassava climate suitability from baseline to 2050"
8c7e1704-586c-11e6-bcd7-00505683028c,"Wet & dry season surface water mapping for Cambodia"
a030678c-5891-11e6-95be-00505683028c,"Rubber suitability in the Lower Mekong Basin, year 1985-2005"
d0b99692-5951-11e6-bbde-00505683028c,"Rubber climate suitability in the Lower Mekong Basin"
a9756344-556f-11e6-b8c4-00505683028c,"Fish barrier location"
460373d8-5951-11e6-bcd7-00505683028c,"Lower Mekong Basin boundary"
5dece72c-6829-11e6-ac8e-00505683028c,"Robusta coffee climate suitability in the Lower Mekong Basin"
4de30f52-6813-11e6-bf41-00505683028c,"Change in soya climate suitability from baseline to 2050"
03ef3fee-62bc-11e6-be2b-00505683028c,"NDVI Impervious user guide and readme file"
434ef65c-5d49-11e6-9cc9-00505683028c,"Metadata Quick Guide"
23c53916-65c5-11e6-a1d0-00505683028c,"NASA SDCI support documents"
442bfdd0-6380-11e6-a2ce-00505683028c,"Monthly Scaled Drought Condition Index (SDCI) year 2000 - 2016"
5048bf12-6813-11e6-bb0c-00505683028c,"Soya suitability in the Lower Mekong Basin, year 1985-2005"
fb8f5458-681d-11e6-bb8a-00505683028c,"Protected area for Lower Mekong basin"
0cc1fd54-5890-11e6-9663-00505683028c,"Rubber suitability in the Lower Mekong Basin, year 2050"
ebb6c8c0-6810-11e6-b4de-00505683028c,"Change in rainfed rice climate suitability from baseline to 2050"
17e7e54e-69c6-11e6-a382-00505683028c,"Normalized Difference Vegetation Index (NDVI) products"
529ff424-6813-11e6-88ed-00505683028c,"Soya suitability in the Lower Mekong Basin, year 2050"
b6e2e86e-bed0-11e7-bada-00505683028c,"country"
6121e5de-6813-11e6-88ed-00505683028c,"Change in maize climate suitability from baseline to 2050"
7b758ba6-6445-11e6-b1b2-00505683028c,"Normalized Difference Vegetation Index (NDVI) products"
