ID,URL,Protocol,Name,Description
37449070-2972-4d0e-93c7-174114cd5a53,http://apps.geoportal.icimod.org/chalccv,"Climate Change Vulnerability and Adaptation Startegies of Forest Ecosystem","WWW:LINK-1.0-http--link",""
c2c22973-da40-4b11-a027-111f5c485f98,,"","WWW:LINK-1.0-http--link",""
85033398-589b-436b-881a-2ba989c4c39b,http://apps.geoportal.icimod.org/raptiflood,"","WWW:LINK-1.0-http--link","DSS for Flood Management"
85033398-589b-436b-881a-2ba989c4c39b,http://apps.geoportal.icimod.org/icimodarcgis/rest/services/EastRaptiFloodDSS/FloodDSS/MapServer/7,"","OGC:WMS-1.3.0-http-get-map","ArcGIS Web Service"
759675fe-e07f-4ec5-a700-e32cfc4088a4,http://118.91.160.238/ArcGIS/rest/services/HKHSnow/SnowCover/MapServer/0,"ArcGIS web services","WWW:LINK-1.0-http--related",""
759675fe-e07f-4ec5-a700-e32cfc4088a4,http://rds.icimod.org:8080/geonetwork/srv/en/resources.get?uuid=759675fe-e07f-4ec5-a700-e32cfc4088a4&fname=&access=private,"","WWW:DOWNLOAD-1.0-http--download",""
ba64f8ec-f94e-41ac-b7ac-7d7be578266c,http://apps.geoportal.icimod.org/NepalAgriculture,"","WWW:LINK-1.0-http--link","Agriculture Monitoring to Support Food Security in Nepal"
ba64f8ec-f94e-41ac-b7ac-7d7be578266c,http://118.91.160.238/ArcGIS/rest/services/Nepal/Drought/MapServer/2,"","OGC:WMS-1.3.0-http-get-map","ArcGIS Web Service"
94a16f41-6b99-4f0c-aa49-4c15ecc398f1,http://118.91.160.238/ArcGIS/rest/services/Nepal/NepalActiveFire/MapServer/0,"ArcGIS web services","OGC:WMS-1.3.0-http-get-map",""
94a16f41-6b99-4f0c-aa49-4c15ecc398f1,http://apps.geoportal.icimod.org/NepalForestFire,"Data Download","WWW:LINK-1.0-http--link",""
94a16f41-6b99-4f0c-aa49-4c15ecc398f1,http://rds.icimod.org/Home/DataDetail?metadataId=8899,"","WWW:LINK-1.0-http--related","Data Download"
10f4cf89-853b-4439-8ddb-52b954269afc,http://118.91.160.238/ArcGIS/rest/services/Nepal/NepalGlacier/MapServer/2,"Nepal Glacier 1990","OGC:WMS-1.3.0-http-get-map",""
10f4cf89-853b-4439-8ddb-52b954269afc,http://apps.geoportal.icimod.org/nepalglacier,"Data Download","WWW:LINK-1.0-http--related",""
10f4cf89-853b-4439-8ddb-52b954269afc,http://rds.icimod.org/Home/DataDetail?metadataId=9350,"","WWW:LINK-1.0-http--related","Data Download"
fdb271a1-5b19-4229-8314-c1faea3d90f4,http://118.91.160.238/ArcGIS/rest/services/Nepal/NepalGlacier/MapServer/3,"Nepal Glacier 1980","OGC:WMS-1.3.0-http-get-map",""
fdb271a1-5b19-4229-8314-c1faea3d90f4,http://apps.geoportal.icimod.org/nepalglacier,"Data Download","WWW:LINK-1.0-http--related",""
fdb271a1-5b19-4229-8314-c1faea3d90f4,http://rds.icimod.org/Home/DataDetail?metadataId=9349,"","WWW:LINK-1.0-http--related","Data Download"
c93bf9a0-df40-4847-a232-4df0982c772c,http://118.91.160.238/ArcGIS/rest/services/Nepal/NepalGlacier/MapServer/1,"Nepal Glacier 2000","OGC:WMS-1.3.0-http-get-map",""
c93bf9a0-df40-4847-a232-4df0982c772c,http://apps.geoportal.icimod.org/nepalglacier,"Data Download","WWW:LINK-1.0-http--related",""
c93bf9a0-df40-4847-a232-4df0982c772c,http://rds.icimod.org/Home/DataDetail?metadataId=9351,"","WWW:LINK-1.0-http--related","Data Download"
dbcc48d8-0959-48fb-89da-fa5cafa4823e,http://118.91.160.238/ArcGIS/rest/services/Nepal/NepalGlacier/MapServer/0,"Nepal Glacier 2010","OGC:WMS-1.3.0-http-get-map",""
dbcc48d8-0959-48fb-89da-fa5cafa4823e,http://apps.geoportal.icimod.org/nepalglacier,"Data Download","WWW:LINK-1.0-http--related",""
dbcc48d8-0959-48fb-89da-fa5cafa4823e,http://rds.icimod.org/Home/DataDetail?metadataId=9352,"","WWW:LINK-1.0-http--related","Data Download"
1cd1a2b5-c192-4733-ab01-4b348bebe671,http://118.91.160.238/ArcGIS/rest/services/Nepal/LandCover1990_2010/MapServer/4,"ArcGIS web services","OGC:WMS-1.3.0-http-get-map",""
1cd1a2b5-c192-4733-ab01-4b348bebe671,http://rds.icimod.org/Home/DataDetail?metadataId=20828,"Data Download","WWW:LINK-1.0-http--related","Data Download"
6b71ba2b-ec81-4706-82e6-27c4db14faa3,http://apps.geoportal.icimod.org/agricultureatlas/,"Nepal Agriculture Atlas","WWW:LINK-1.0-http--link",""
6b71ba2b-ec81-4706-82e6-27c4db14faa3,http://rds.icimod.org/Home/DataDetail?metadataId=17460,"Data Download","WWW:LINK-1.0-http--related","Data Download"
f364b4ea-d74c-453b-bb4d-267119aebb7e,http://apps.geoportal.icimod.org/agricultureatlas/,"Nepal Agriculture Atlas","WWW:LINK-1.0-http--link",""
f364b4ea-d74c-453b-bb4d-267119aebb7e,http://rds.icimod.org/Home/DataDetail?metadataId=17452,"Data Download","WWW:LINK-1.0-http--related","Data Download"
8f9af277-28cf-4e44-88d6-3cfd8436280e,http://apps.geoportal.icimod.org/agricultureatlas/,"Nepal Agriculture Atlas","WWW:LINK-1.0-http--link",""
8f9af277-28cf-4e44-88d6-3cfd8436280e,http://rds.icimod.org/Home/DataDetail?metadataId=17461,"Data Download","WWW:LINK-1.0-http--related","Data Download"
5b93cd16-3a22-4ef7-9d19-79551758dd15,http://apps.geoportal.icimod.org/agricultureatlas/,"Nepal Agriculture Atlas","WWW:LINK-1.0-http--link",""
5b93cd16-3a22-4ef7-9d19-79551758dd15,http://rds.icimod.org/Home/DataDetail?metadataId=17453,"Data Download","WWW:LINK-1.0-http--related","Data Download"
93728d55-2cae-4c14-9df1-77e336aa36d1,http://apps.geoportal.icimod.org/agricultureatlas/,"Nepal Agriculture Atlas","WWW:LINK-1.0-http--link",""
93728d55-2cae-4c14-9df1-77e336aa36d1,http://rds.icimod.org/Home/DataDetail?metadataId=17454,"Data Download","WWW:LINK-1.0-http--related","Data Download"
2835d5fc-17f1-44b4-8547-f91f768343fe,http://apps.geoportal.icimod.org/agricultureatlas/,"Nepal Agriculture Atlas","WWW:LINK-1.0-http--link",""
2835d5fc-17f1-44b4-8547-f91f768343fe,http://rds.icimod.org/Home/DataDetail?metadataId=17455,"Data Download","WWW:LINK-1.0-http--related","Data Download"
cdc973fc-ef6e-4e24-b6d1-af7acfcf0212,http://apps.geoportal.icimod.org/agricultureatlas/,"Nepal Agriculture Atlas","WWW:LINK-1.0-http--link",""
cdc973fc-ef6e-4e24-b6d1-af7acfcf0212,http://rds.icimod.org/Home/DataDetail?metadataId=17200,"Data Download","WWW:LINK-1.0-http--related","Data Download"
cdc973fc-ef6e-4e24-b6d1-af7acfcf0212,http://rds.icimod.org:8080/geonetwork/srv/en/resources.get?uuid=cdc973fc-ef6e-4e24-b6d1-af7acfcf0212&fname=cereal_variable.xlsx&access=private,"","WWW:DOWNLOAD-1.0-http--download",""
85538e3a-8d83-430e-b4b2-2fe6f23422e7,http://apps.geoportal.icimod.org/agricultureatlas/,"Nepal Agriculture Atlas","WWW:LINK-1.0-http--link",""
85538e3a-8d83-430e-b4b2-2fe6f23422e7,http://rds.icimod.org/Home/DataDetail?metadataId=17207,"Data Download","WWW:LINK-1.0-http--related","Data Download"
85538e3a-8d83-430e-b4b2-2fe6f23422e7,http://rds.icimod.org:8080/geonetwork/srv/en/resources.get?uuid=85538e3a-8d83-430e-b4b2-2fe6f23422e7&fname=Legume_variable.xlsx&access=private,"","WWW:DOWNLOAD-1.0-http--download",""
5cbb9fa9-1736-4322-a382-7094b45f1a3d,http://apps.geoportal.icimod.org/agricultureatlas/,"Nepal Agriculture Atlas","WWW:LINK-1.0-http--link",""
5cbb9fa9-1736-4322-a382-7094b45f1a3d,http://rds.icimod.org/Home/DataDetail?metadataId=17202,"Data Download","WWW:LINK-1.0-http--related","Data Download"
5cbb9fa9-1736-4322-a382-7094b45f1a3d,http://rds.icimod.org:8080/geonetwork/srv/en/resources.get?uuid=5cbb9fa9-1736-4322-a382-7094b45f1a3d&fname=cash_crop_variable.xlsx&access=private,"","WWW:DOWNLOAD-1.0-http--download",""
766c7bfd-e07f-40b5-9534-9e5e65209011,http://apps.geoportal.icimod.org/agricultureatlas/,"Nepal Agriculture Atlas","WWW:LINK-1.0-http--link",""
766c7bfd-e07f-40b5-9534-9e5e65209011,http://rds.icimod.org/Home/DataDetail?metadataId=17451,"Data Download","WWW:LINK-1.0-http--related","Data Download"
7212b7e8-a3c9-4e5b-9afa-40e08dd77406,http://apps.geoportal.icimod.org/agricultureatlas/,"Nepal Agriculture Atlas","WWW:LINK-1.0-http--link",""
7212b7e8-a3c9-4e5b-9afa-40e08dd77406,http://rds.icimod.org/Home/DataDetail?metadataId=17458,"Data Download","WWW:LINK-1.0-http--related","Data Download"
f32f9142-f2ab-48e3-bbcd-4bc3d978c772,http://apps.geoportal.icimod.org/agricultureatlas/,"Nepal Agriculture Atlas","WWW:LINK-1.0-http--link",""
f32f9142-f2ab-48e3-bbcd-4bc3d978c772,http://rds.icimod.org/Home/DataDetail?metadataId=17449,"Data Download","WWW:LINK-1.0-http--related","Data Download"
4ecd30a5-df88-4692-bfae-8b01a6b23bd7,http://apps.geoportal.icimod.org/forestmonitoring/,"","WWW:LINK-1.0-http--link","Forest Cover Monitoring Hot-Spots using LANDSAT"
4ecd30a5-df88-4692-bfae-8b01a6b23bd7,http://rds.icimod.org/Home/DataDetail?metadataId=23020,"Data Download","WWW:LINK-1.0-http--related","Data Download"
e51b3d5c-4eba-440d-ae55-9e0a0cd496b2,http://apps.geoportal.icimod.org/forestmonitoring/,"","WWW:LINK-1.0-http--link","Forest Cover Monitoring Hot-Spots using LANDSAT"
e51b3d5c-4eba-440d-ae55-9e0a0cd496b2,http://rds.icimod.org/Home/DataDetail?metadataId=23015,"Data Download","WWW:LINK-1.0-http--related","Data Download"
9ca56028-5cb7-4043-b557-d55af21eca31,http://apps.geoportal.icimod.org/raptiflood,"","WWW:LINK-1.0-http--link","DSS for Flood Management"
9ca56028-5cb7-4043-b557-d55af21eca31,http://rds.icimod.org/Home/DataDetail?metadataId=23203,"Data Download","WWW:LINK-1.0-http--related","Data Download"
9ca56028-5cb7-4043-b557-d55af21eca31,http://apps.geoportal.icimod.org/icimodarcgis/rest/services/EastRaptiFloodDSS/Hazard/MapServer,"","OGC:WMS-1.3.0-http-get-map","ArcGIS Web Service"
c6dbe139-68fb-4ad4-a6de-ad7a4f685bc0,http://apps.geoportal.icimod.org/NepalAgriculture,"","WWW:LINK-1.0-http--link","Agriculture Monitoring to Support Food Security in Nepal"
c6dbe139-68fb-4ad4-a6de-ad7a4f685bc0,http://rds.icimod.org/Home/DataDetail?metadataId=23216,"Data Download","WWW:LINK-1.0-http--related","Data Download"
c6dbe139-68fb-4ad4-a6de-ad7a4f685bc0,http://118.91.160.238/ArcGIS/rest/services/Nepal/Drought/MapServer/1,"","OGC:WMS-1.3.0-http-get-map","ArcGIS Web Service"
3b433199-e8d0-4913-ba61-3eea24f10e51,http://apps.geoportal.icimod.org/chalccv,"","WWW:LINK-1.0-http--link","Climate Change Vulnerability and Adaptation Startegies of Forest Ecosystem"
3b433199-e8d0-4913-ba61-3eea24f10e51,http://rds.icimod.org/Home/DataDetail?metadataId=23184,"Data Download","WWW:LINK-1.0-http--related","Data Download"
3b433199-e8d0-4913-ba61-3eea24f10e51,http://118.91.160.238/ArcGIS/rest/services/CHAL/DependenceVulnerability/MapServer/1,"","OGC:WMS-1.3.0-http-get-map","ArcGIS Web Service"
5254f32f-7485-4e74-8308-d2d0fb1455c7,http://apps.geoportal.icimod.org/forestmonitoring/,"","WWW:LINK-1.0-http--link","Forest Cover Monitoring Hot-Spots using LANDSAT"
5254f32f-7485-4e74-8308-d2d0fb1455c7,http://rds.icimod.org/Home/DataDetail?metadataId=23022,"Data Download","WWW:LINK-1.0-http--related","Data Download"
686eacc3-2501-40d1-ae2a-dc1fb29b0b77,http://apps.geoportal.icimod.org/forestmonitoring/,"","WWW:LINK-1.0-http--link","Forest Cover Monitoring Hot-Spots using LANDSAT"
686eacc3-2501-40d1-ae2a-dc1fb29b0b77,http://rds.icimod.org/Home/DataDetail?metadataId=23024,"Data Download","WWW:LINK-1.0-http--related","Data Download"
eeaf2e86-6f6f-4381-b8c4-13b2816f6dc9,http://apps.geoportal.icimod.org/forestmonitoring/,"","WWW:LINK-1.0-http--link","Forest Cover Monitoring Hot-Spots using LANDSAT"
eeaf2e86-6f6f-4381-b8c4-13b2816f6dc9,http://rds.icimod.org/Home/DataDetail?metadataId=23019,"Data Download","WWW:LINK-1.0-http--related","Data Download"
a83f1889-c001-46e0-9002-defa46aaf2e9,http://apps.geoportal.icimod.org/forestmonitoring/,"","WWW:LINK-1.0-http--link","Forest Cover Monitoring Hot-Spots using LANDSAT"
a83f1889-c001-46e0-9002-defa46aaf2e9,http://rds.icimod.org/Home/DataDetail?metadataId=23018,"Data Download","WWW:LINK-1.0-http--related","Data Download"
7346abbe-b915-417f-8216-5460aa969b35,http://apps.geoportal.icimod.org/forestmonitoring/,"","WWW:LINK-1.0-http--link","Forest Cover Monitoring Hot-Spots using LANDSAT"
7346abbe-b915-417f-8216-5460aa969b35,http://rds.icimod.org/Home/DataDetail?metadataId=23017,"Data Download","WWW:LINK-1.0-http--related","Data Download"
4263e60f-e015-4f93-a720-4f75110a5510,http://118.91.160.238/ArcGIS/rest/services/Bhutan/Phobjikha/MapServer/6,"ArcGIS web services","OGC:WMS-1.3.0-http-get-map",""
4263e60f-e015-4f93-a720-4f75110a5510,http://rds.icimod.org:8080/geonetwork/srv/en/resources.get?uuid=4263e60f-e015-4f93-a720-4f75110a5510&fname=&access=private,"Data Download","WWW:DOWNLOAD-1.0-http--download",""
4263e60f-e015-4f93-a720-4f75110a5510,http://rds.icimod.org/Home/DataDetail?metadataId=8900,"","WWW:LINK-1.0-http--related","Data Download"
4281f41f-cde3-4cb6-a544-0e5f54695dd4,http://apps.geoportal.icimod.org/mlra/,"","WWW:LINK-1.0-http--link","Multi Level Risk Assessment For Flood"
4281f41f-cde3-4cb6-a544-0e5f54695dd4,http://rds.icimod.org/Home/DataDetail?metadataId=23237,"Data Download","WWW:LINK-1.0-http--related","Data Download"
118d9ec4-4752-4a98-a044-425e3ea2609b,http://apps.geoportal.icimod.org/NepalAgriculture,"","WWW:LINK-1.0-http--link","Agriculture Monitoring to Support Food Security in Nepal"
118d9ec4-4752-4a98-a044-425e3ea2609b,http://rds.icimod.org/Home/DataDetail?metadataId=23218,"Data Download","WWW:LINK-1.0-http--related","Data Download"
118d9ec4-4752-4a98-a044-425e3ea2609b,http://118.91.160.238/ArcGIS/rest/services/Nepal/Drought/MapServer/3,"","OGC:WMS-1.3.0-http-get-map","ArcGIS Web Service"
62bdf873-fd57-4b8b-948c-b13b288da842,http://apps.geoportal.icimod.org/NepalAgriculture,"","WWW:LINK-1.0-http--link","Agriculture Monitoring to Support Food Security in Nepal"
62bdf873-fd57-4b8b-948c-b13b288da842,http://rds.icimod.org/Home/DataDetail?metadataId=23220,"Data Download","WWW:LINK-1.0-http--related","Data Download"
62bdf873-fd57-4b8b-948c-b13b288da842,http://118.91.160.238/ArcGIS/rest/services/Nepal/CropSownArea/MapServer,"","OGC:WMS-1.3.0-http-get-map","ArcGIS Web Service"
099c72d5-2a18-45a8-89b3-a26707666be3,http://apps.geoportal.icimod.org/redd/,"","WWW:LINK-1.0-http--link","REDD Information System"
099c72d5-2a18-45a8-89b3-a26707666be3,http://rds.icimod.org/Home/DataDetail?metadataId=23288,"Data Download","WWW:LINK-1.0-http--related","Data Download"
099c72d5-2a18-45a8-89b3-a26707666be3,http://118.91.160.238/ArcGIS/rest/services/REDD/Kayerkhola/MapServer/11,"","OGC:WMS-1.3.0-http-get-map","ArcGIS Web Service"
063c7fc7-6a69-454e-8c02-74e23348f084,http://apps.geoportal.icimod.org/chalccv,"","WWW:LINK-1.0-http--link","Climate Change Vulnerability and Adaptation Startegies of Forest Ecosystem"
063c7fc7-6a69-454e-8c02-74e23348f084,http://118.91.160.238/ArcGIS/rest/services/CHAL/DependenceVulnerability/MapServer/0,"","OGC:WMS-1.3.0-http-get-map","ArcGIS Web Services"
8630a3ca-3b1d-4e76-9d3e-c64a1bf10098,http://apps.geoportal.icimod.org/redd/,"","WWW:LINK-1.0-http--link","REDD Information System"
8630a3ca-3b1d-4e76-9d3e-c64a1bf10098,http://rds.icimod.org/Home/DataDetail?metadataId=23291,"Data Download","WWW:LINK-1.0-http--related","Data Download"
8630a3ca-3b1d-4e76-9d3e-c64a1bf10098,,"","",""
0e503f4b-0ea7-4765-b7ed-e55d22d59bbf,http://apps.geoportal.icimod.org/forestmonitoring/,"","WWW:LINK-1.0-http--link","Forest Cover Monitoring Hot-Spots using LANDSAT"
0e503f4b-0ea7-4765-b7ed-e55d22d59bbf,http://rds.icimod.org/Home/DataDetail?metadataId=23023,"Data Download","WWW:LINK-1.0-http--related","Data Download"
a3d3982d-fa90-447a-a391-c2644db2d8a2,http://apps.geoportal.icimod.org/mlra/,"","WWW:LINK-1.0-http--link","Multi Level Risk Assessment For Flood"
a3d3982d-fa90-447a-a391-c2644db2d8a2,http://rds.icimod.org/Home/DataDetail?metadataId=23238,"Data Download","WWW:LINK-1.0-http--related","Data Download"
9a8da06b-ec9b-44ff-9701-02dffe0af5c7,http://apps.geoportal.icimod.org/forestmonitoring/,"","WWW:LINK-1.0-http--link","Forest Cover Monitoring Hot-Spots using LANDSAT"
9a8da06b-ec9b-44ff-9701-02dffe0af5c7,http://rds.icimod.org/Home/DataDetail?metadataId=23021,"Data Download","WWW:LINK-1.0-http--related","Data Download"
9017fe22-8837-4e8f-8466-7e731748f185,http://apps.geoportal.icimod.org/forestmonitoring/,"","WWW:LINK-1.0-http--link","Forest Cover Monitoring Hot-Spots using LANDSAT"
9017fe22-8837-4e8f-8466-7e731748f185,http://rds.icimod.org/Home/DataDetail?metadataId=23025,"Data Download","WWW:LINK-1.0-http--related","Data Download"
9ed4e079-7598-494f-8012-19bfd1a60faa,http://apps.geoportal.icimod.org/forestmonitoring/,"","WWW:LINK-1.0-http--link","Forest Cover Monitoring Hot-Spots using LANDSAT"
9ed4e079-7598-494f-8012-19bfd1a60faa,http://rds.icimod.org/Home/DataDetail?metadataId=23014,"Data Download","WWW:LINK-1.0-http--related","Data Download"
03be6e91-b736-4456-a121-eda8a2d5b987,http://apps.geoportal.icimod.org/raptiflood,"","WWW:LINK-1.0-http--link","DSS for Flood Management"
03be6e91-b736-4456-a121-eda8a2d5b987,http://rds.icimod.org/Home/DataDetail?metadataId=23212,"Data Download","WWW:LINK-1.0-http--related","Data Download"
03be6e91-b736-4456-a121-eda8a2d5b987,http://apps.geoportal.icimod.org/icimodarcgis/rest/services/EastRaptiFloodDSS/FloodDSS/MapServer/1,"","OGC:WMS-1.3.0-http-get-map","ArcGIS Web Service"
1268b17a-ddb1-441e-ac6d-85274eec5603,http://apps.geoportal.icimod.org/raptiflood,"","WWW:LINK-1.0-http--link","DSS for Flood Management"
1268b17a-ddb1-441e-ac6d-85274eec5603,http://rds.icimod.org/Home/DataDetail?metadataId=23206,"Data Download","WWW:LINK-1.0-http--related","Data Download"
1268b17a-ddb1-441e-ac6d-85274eec5603,http://apps.geoportal.icimod.org/icimodarcgis/rest/services/EastRaptiFloodDSS/Inundation/MapServer,"","OGC:WMS-1.3.0-http-get-map","ArcGIS Web Service"
81368dc0-c23c-4924-a182-be44afa3df69,http://apps.geoportal.icimod.org/raptiflood,"","WWW:LINK-1.0-http--link","DSS for Flood Management"
81368dc0-c23c-4924-a182-be44afa3df69,http://rds.icimod.org/Home/DataDetail?metadataId=23204,"Data Download","WWW:LINK-1.0-http--related","Data Download"
81368dc0-c23c-4924-a182-be44afa3df69,http://apps.geoportal.icimod.org/icimodarcgis/rest/services/EastRaptiFloodDSS/Risk/MapServer,"","OGC:WMS-1.3.0-http-get-map","ArcGIS Web Service"
bef2e978-687b-412a-afcc-4e82cc76136f,http://apps.geoportal.icimod.org/raptiflood,"DSS for Flood Management","WWW:LINK-1.0-http--link","DSS for Flood Management"
bef2e978-687b-412a-afcc-4e82cc76136f,http://rds.icimod.org/Home/DataDetail?metadataId=23211,"Data Download","WWW:LINK-1.0-http--related","Data Download"
bef2e978-687b-412a-afcc-4e82cc76136f,http://apps.geoportal.icimod.org/icimodarcgis/rest/services/EastRaptiFloodDSS/FloodDSS/MapServer/2,"Web Map Service","OGC:WMS-1.3.0-http-get-map","Web Map Service"
a1eb4e31-1bc0-491e-b2ea-f022220e17bb,http://apps.geoportal.icimod.org/raptiflood,"","WWW:LINK-1.0-http--link","DSS for Flood Management"
a1eb4e31-1bc0-491e-b2ea-f022220e17bb,http://rds.icimod.org/Home/DataDetail?metadataId=23202,"Data Download","WWW:LINK-1.0-http--related","Data Download"
a1eb4e31-1bc0-491e-b2ea-f022220e17bb,http://apps.geoportal.icimod.org/icimodarcgis/rest/services/EastRaptiFloodDSS/Hazard/MapServer,"","OGC:WMS-1.3.0-http-get-map","ArcGIS Web Service"
486cd340-de6e-4ab5-86f2-05b70c4e9f6b,http://apps.geoportal.icimod.org/forestmonitoring/,"Forest Cover Monitoring Hot-Spots using LANDSAT","WWW:LINK-1.0-http--link","Forest Cover Monitoring Hot-Spots using LANDSAT"
486cd340-de6e-4ab5-86f2-05b70c4e9f6b,http://rds.icimod.org/Home/DataDetail?metadataId=23012,"Data Download","WWW:LINK-1.0-http--related","Data Download"
7a65b8ad-09ba-439e-9d22-ba7dba9b5c22,http://apps.geoportal.icimod.org/forestmonitoring/,"","WWW:LINK-1.0-http--link","Forest Cover Monitoring Hot-Spots using LANDSAT"
7a65b8ad-09ba-439e-9d22-ba7dba9b5c22,http://rds.icimod.org/Home/DataDetail?metadataId=23013,"Data Download","WWW:LINK-1.0-http--related","Data Download"
9dc25af6-676e-42e3-89d7-549a7f48b2fe,http://apps.geoportal.icimod.org/raptiflood,"","WWW:LINK-1.0-http--link","DSS for Flood Management"
9dc25af6-676e-42e3-89d7-549a7f48b2fe,http://rds.icimod.org/Home/DataDetail?metadataId=23207,"Data Download","WWW:LINK-1.0-http--related","Data Download"
9dc25af6-676e-42e3-89d7-549a7f48b2fe,http://apps.geoportal.icimod.org/icimodarcgis/rest/services/EastRaptiFloodDSS/Inundation/MapServer,"","OGC:WMS-1.3.0-http-get-map","ArcGIS Web Service"
50174f4e-d248-4bf4-aba6-71e6f63f199f,http://apps.geoportal.icimod.org/redd/,"","WWW:LINK-1.0-http--link","REDD Information System"
50174f4e-d248-4bf4-aba6-71e6f63f199f,http://rds.icimod.org/Home/DataDetail?metadataId=23290,"Data Download","WWW:LINK-1.0-http--related","Data Download"
50174f4e-d248-4bf4-aba6-71e6f63f199f,http://118.91.160.238/ArcGIS/rest/services/REDD/Kayerkhola/MapServer/9,"","OGC:WMS-1.3.0-http-get-map","ArcGIS Web Service"
fe340345-1c16-4e5a-b5c8-2853cb474c01,http://apps.geoportal.icimod.org/chalccv,"Climage Change Vulnerability and Adaptation Strategies of Forest Ecosystem","WWW:LINK-1.0-http--link","Climage Change Vulnerability and Adaptation Strategies of Forest Ecosystem"
fe340345-1c16-4e5a-b5c8-2853cb474c01,http://rds.icimod.org/Home/DataDetail?metadataId=26037,"Data Download","WWW:LINK-1.0-http--related","Data Download"
08ab4476-e0cc-4bdc-bc6b-65cc20a40571,http://apps.geoportal.icimod.org/forestmonitoring/,"","WWW:LINK-1.0-http--link","Forest Cover Monitoring Hot-Spots using LANDSAT"
08ab4476-e0cc-4bdc-bc6b-65cc20a40571,http://rds.icimod.org/Home/DataDetail?metadataId=23016,"Data Download","WWW:LINK-1.0-http--related","Data Download"
fcb1b48d-f0af-49a4-8193-c932912bc8b0,http://apps.geoportal.icimod.org/forestmonitoring/,"","WWW:LINK-1.0-http--link","Forest Cover Monitoring Hot-Spots using LANDSAT"
fcb1b48d-f0af-49a4-8193-c932912bc8b0,http://rds.icimod.org/Home/DataDetail?metadataId=23011,"Data Download","WWW:LINK-1.0-http--related","Data Download"
a6640ad4-8489-4563-9bfc-e1f6d9ba3cec,http://apps.geoportal.icimod.org/chalccv,"Climage Change Vulnerability and Adaptation Strategies of Forest Ecosystem","WWW:LINK-1.0-http--link","Climage Change Vulnerability and Adaptation Strategies of Forest Ecosystem"
a6640ad4-8489-4563-9bfc-e1f6d9ba3cec,http://rds.icimod.org/Home/DataDetail?metadataId=26043,"Data Download","WWW:LINK-1.0-http--related","Data Download"
4bdf590a-35fa-43cb-a826-d0334dd5f58e,http://apps.geoportal.icimod.org/chalccv,"Climage Change Vulnerability and Adaptation Strategies of Forest Ecosystem","WWW:LINK-1.0-http--link","Climage Change Vulnerability and Adaptation Strategies of Forest Ecosystem"
4bdf590a-35fa-43cb-a826-d0334dd5f58e,http://rds.icimod.org/Home/DataDetail?metadataId=26044,"Data Download","WWW:LINK-1.0-http--related","Data Download"
486e9c18-d7a3-40e4-84b0-80a87c7c568a,http://apps.geoportal.icimod.org/chalccv,"Climage Change Vulnerability and Adaptation Strategies of Forest Ecosystem","WWW:LINK-1.0-http--link","Climage Change Vulnerability and Adaptation Strategies of Forest Ecosystem"
486e9c18-d7a3-40e4-84b0-80a87c7c568a,http://rds.icimod.org/Home/DataDetail?metadataId=26042,"Data Download","WWW:LINK-1.0-http--related","Data Download"
ab5f1f39-405d-4503-9d01-f2f449525dd7,http://apps.geoportal.icimod.org/chalccv,"Climage Change Vulnerability and Adaptation Strategies of Forest Ecosystem","WWW:LINK-1.0-http--link","Climage Change Vulnerability and Adaptation Strategies of Forest Ecosystem"
ab5f1f39-405d-4503-9d01-f2f449525dd7,http://rds.icimod.org/Home/DataDetail?metadataId=26040,"Data Download","WWW:LINK-1.0-http--related","Data Download"
5e49a2fe-dd8d-4944-a63c-976322fedfc6,http://apps.geoportal.icimod.org/chalccv,"Climage Change Vulnerability and Adaptation Strategies of Forest Ecosystem","WWW:LINK-1.0-http--link","Climage Change Vulnerability and Adaptation Strategies of Forest Ecosystem"
5e49a2fe-dd8d-4944-a63c-976322fedfc6,http://rds.icimod.org/Home/DataDetail?metadataId=26039,"Data Download","WWW:LINK-1.0-http--related","Data Download"
3671c846-2772-4767-a2f9-19ead4d9aca5,http://apps.geoportal.icimod.org/chalccv,"Climage Change Vulnerability and Adaptation Strategies of Forest Ecosystem","WWW:LINK-1.0-http--link","Climage Change Vulnerability and Adaptation Strategies of Forest Ecosystem"
3671c846-2772-4767-a2f9-19ead4d9aca5,http://rds.icimod.org/Home/DataDetail?metadataId=26045,"Data Download","WWW:LINK-1.0-http--related","Data Download"
c43b5b1f-8c63-4157-a52a-10cc8494dec9,http://apps.geoportal.icimod.org/chalccv,"Climage Change Vulnerability and Adaptation Strategies of Forest Ecosystem","WWW:LINK-1.0-http--link","Climage Change Vulnerability and Adaptation Strategies of Forest Ecosystem"
c43b5b1f-8c63-4157-a52a-10cc8494dec9,http://rds.icimod.org/Home/DataDetail?metadataId=26038,"Data Download","WWW:LINK-1.0-http--related","Data Download"
7293eedd-ca79-456d-acbd-1b619c7ab210,http://apps.geoportal.icimod.org/chalccv,"Climage Change Vulnerability and Adaptation Strategies of Forest Ecosystem","WWW:LINK-1.0-http--link","Climage Change Vulnerability and Adaptation Strategies of Forest Ecosystem"
7293eedd-ca79-456d-acbd-1b619c7ab210,http://rds.icimod.org/Home/DataDetail?metadataId=26055,"Data Download","WWW:LINK-1.0-http--related","Data Download"
cd0f3ce5-f671-4ddb-b092-8997919ab783,http://apps.geoportal.icimod.org/chalccv,"Climage Change Vulnerability and Adaptation Strategies of Forest Ecosystem","WWW:LINK-1.0-http--link","Climage Change Vulnerability and Adaptation Strategies of Forest Ecosystem"
cd0f3ce5-f671-4ddb-b092-8997919ab783,http://rds.icimod.org/Home/DataDetail?metadataId=26056,"Data Download","WWW:LINK-1.0-http--related","Data Download"
800a843c-3284-418f-8dcc-1413627d74ac,http://apps.geoportal.icimod.org/chalccv,"Climage Change Vulnerability and Adaptation Strategies of Forest Ecosystem","WWW:LINK-1.0-http--link","Climage Change Vulnerability and Adaptation Strategies of Forest Ecosystem"
800a843c-3284-418f-8dcc-1413627d74ac,http://rds.icimod.org/Home/DataDetail?metadataId=26057,"Data Download","WWW:LINK-1.0-http--related","Data Download"
e6fe0186-aedc-4faa-bd61-f55af7b28790,http://apps.geoportal.icimod.org/chalccv,"Climage Change Vulnerability and Adaptation Strategies of Forest Ecosystem","WWW:LINK-1.0-http--link","Climage Change Vulnerability and Adaptation Strategies of Forest Ecosystem"
e6fe0186-aedc-4faa-bd61-f55af7b28790,http://rds.icimod.org/Home/DataDetail?metadataId=26049,"Data Download","WWW:LINK-1.0-http--related","Data Download"
e026a798-09a3-457f-9d61-f1fda4e76885,http://apps.geoportal.icimod.org/chalccv,"Climage Change Vulnerability and Adaptation Strategies of Forest Ecosystem","WWW:LINK-1.0-http--link","Climage Change Vulnerability and Adaptation Strategies of Forest Ecosystem"
e026a798-09a3-457f-9d61-f1fda4e76885,http://rds.icimod.org/Home/DataDetail?metadataId=26050,"Data Download","WWW:LINK-1.0-http--related","Data Download"
11258f8d-acba-4761-864c-fef3884ce3d8,http://apps.geoportal.icimod.org/chalccv,"Climage Change Vulnerability and Adaptation Strategies of Forest Ecosystem","WWW:LINK-1.0-http--link","Climage Change Vulnerability and Adaptation Strategies of Forest Ecosystem"
11258f8d-acba-4761-864c-fef3884ce3d8,http://rds.icimod.org/Home/DataDetail?metadataId=26051,"Data Download","WWW:LINK-1.0-http--related","Data Download"
ea4e2f8a-cd62-4b0f-98df-1f85bf882bc4,http://apps.geoportal.icimod.org/chalccv,"Climage Change Vulnerability and Adaptation Strategies of Forest Ecosystem","WWW:LINK-1.0-http--link","Climage Change Vulnerability and Adaptation Strategies of Forest Ecosystem"
ea4e2f8a-cd62-4b0f-98df-1f85bf882bc4,http://rds.icimod.org/Home/DataDetail?metadataId=26052,"Data Download","WWW:LINK-1.0-http--related","Data Download"
6d217dd3-c215-4dbb-9799-a2b59b5573b7,http://apps.geoportal.icimod.org/chalccv,"Climage Change Vulnerability and Adaptation Strategies of Forest Ecosystem","WWW:LINK-1.0-http--link","Climage Change Vulnerability and Adaptation Strategies of Forest Ecosystem"
6d217dd3-c215-4dbb-9799-a2b59b5573b7,http://rds.icimod.org/Home/DataDetail?metadataId=26047,"Data Download","WWW:LINK-1.0-http--related","Data Download"
028efd69-4d18-4443-b1ec-b2ea5d0411e8,http://apps.geoportal.icimod.org/chalccv,"Climage Change Vulnerability and Adaptation Strategies of Forest Ecosystem","WWW:LINK-1.0-http--link","Climage Change Vulnerability and Adaptation Strategies of Forest Ecosystem"
028efd69-4d18-4443-b1ec-b2ea5d0411e8,http://rds.icimod.org/Home/DataDetail?metadataId=26048,"Data Download","WWW:LINK-1.0-http--related","Data Download"
97f49d6c-5358-4f23-adec-053dc0bbc4dc,http://apps.geoportal.icimod.org/chalccv,"Climage Change Vulnerability and Adaptation Strategies of Forest Ecosystem","WWW:LINK-1.0-http--link","Climage Change Vulnerability and Adaptation Strategies of Forest Ecosystem"
97f49d6c-5358-4f23-adec-053dc0bbc4dc,http://rds.icimod.org/Home/DataDetail?metadataId=26058,"Data Download","WWW:LINK-1.0-http--related","Data Download"
defd2a3a-f1ab-4f03-a6d3-afa8fb7b6e2a,http://apps.geoportal.icimod.org/chalccv,"Climage Change Vulnerability and Adaptation Strategies of Forest Ecosystem","WWW:LINK-1.0-http--link","Climage Change Vulnerability and Adaptation Strategies of Forest Ecosystem"
defd2a3a-f1ab-4f03-a6d3-afa8fb7b6e2a,http://rds.icimod.org/Home/DataDetail?metadataId=26059,"Data Download","WWW:LINK-1.0-http--related","Data Download"
13535f99-d83e-4ca4-9745-2954b53be1a7,http://apps.geoportal.icimod.org/chalccv,"Climage Change Vulnerability and Adaptation Strategies of Forest Ecosystem","WWW:LINK-1.0-http--link","Climage Change Vulnerability and Adaptation Strategies of Forest Ecosystem"
13535f99-d83e-4ca4-9745-2954b53be1a7,http://rds.icimod.org/Home/DataDetail?metadataId=26053,"Data Download","WWW:LINK-1.0-http--related","Data Download"
0c58b0c0-384c-4e70-b08b-2becd9c4f022,http://apps.geoportal.icimod.org/chalccv,"Climage Change Vulnerability and Adaptation Strategies of Forest Ecosystem","WWW:LINK-1.0-http--link","Climage Change Vulnerability and Adaptation Strategies of Forest Ecosystem"
0c58b0c0-384c-4e70-b08b-2becd9c4f022,http://rds.icimod.org/Home/DataDetail?metadataId=26041,"Data Download","WWW:LINK-1.0-http--related","Data Download"
75d5b82e-5a0b-4fbd-9a7b-e845b0d88377,http://apps.geoportal.icimod.org/chalccv,"Climage Change Vulnerability and Adaptation Strategies of Forest Ecosystem","WWW:LINK-1.0-http--link","Climage Change Vulnerability and Adaptation Strategies of Forest Ecosystem"
75d5b82e-5a0b-4fbd-9a7b-e845b0d88377,http://rds.icimod.org/Home/DataDetail?metadataId=26054,"Data Download","WWW:LINK-1.0-http--related","Data Download"
dc2c61f2-2e08-4fae-a09e-306a723a14c7,http://apps.geoportal.icimod.org/chalccv,"Climage Change Vulnerability and Adaptation Strategies of Forest Ecosystem","WWW:LINK-1.0-http--link","Climage Change Vulnerability and Adaptation Strategies of Forest Ecosystem"
dc2c61f2-2e08-4fae-a09e-306a723a14c7,http://rds.icimod.org/Home/DataDetail?metadataId=26046,"Data Download","WWW:LINK-1.0-http--related","Data Download"
79720a3a-127e-42e4-80e7-e941ef81d081,http://apps.geoportal.icimod.org/chalccv,"Climage Change Vulnerability and Adaptation Strategies of Forest Ecosystem","WWW:LINK-1.0-http--link","Climage Change Vulnerability and Adaptation Strategies of Forest Ecosystem"
79720a3a-127e-42e4-80e7-e941ef81d081,http://rds.icimod.org/Home/DataDetail?metadataId=26069,"Data Download","WWW:LINK-1.0-http--related","Data Download"
10cd819b-db3b-40eb-b50a-b5ea6f6a3168,http://apps.geoportal.icimod.org/chalccv,"Climage Change Vulnerability and Adaptation Strategies of Forest Ecosystem","WWW:LINK-1.0-http--link","Climage Change Vulnerability and Adaptation Strategies of Forest Ecosystem"
10cd819b-db3b-40eb-b50a-b5ea6f6a3168,http://rds.icimod.org/Home/DataDetail?metadataId=26071,"Data Download","WWW:LINK-1.0-http--related","Data Download"
04410d4d-01b6-4204-9b0f-984f7eadd6c2,http://apps.geoportal.icimod.org/chalccv,"Climage Change Vulnerability and Adaptation Strategies of Forest Ecosystem","WWW:LINK-1.0-http--link","Climage Change Vulnerability and Adaptation Strategies of Forest Ecosystem"
04410d4d-01b6-4204-9b0f-984f7eadd6c2,http://rds.icimod.org/Home/DataDetail?metadataId=26072,"Data Download","WWW:LINK-1.0-http--related","Data Download"
b97b17e8-db93-439f-8956-f3bd066b9d29,http://apps.geoportal.icimod.org/chalccv,"Climage Change Vulnerability and Adaptation Strategies of Forest Ecosystem","WWW:LINK-1.0-http--link","Climage Change Vulnerability and Adaptation Strategies of Forest Ecosystem"
b97b17e8-db93-439f-8956-f3bd066b9d29,http://rds.icimod.org/Home/DataDetail?metadataId=26073,"Data Download","WWW:LINK-1.0-http--related","Data Download"
b2accb81-4c87-41df-bcd9-cdd01769a088,http://apps.geoportal.icimod.org/chalccv,"Climage Change Vulnerability and Adaptation Strategies of Forest Ecosystem","WWW:LINK-1.0-http--link","Climage Change Vulnerability and Adaptation Strategies of Forest Ecosystem"
b2accb81-4c87-41df-bcd9-cdd01769a088,http://rds.icimod.org/Home/DataDetail?metadataId=26074,"Data Download","WWW:LINK-1.0-http--related","Data Download"
f316508d-ec6c-4e47-9c9e-ccf0196f02a6,http://apps.geoportal.icimod.org/chalccv,"Climage Change Vulnerability and Adaptation Strategies of Forest Ecosystem","WWW:LINK-1.0-http--link","Climage Change Vulnerability and Adaptation Strategies of Forest Ecosystem"
f316508d-ec6c-4e47-9c9e-ccf0196f02a6,http://rds.icimod.org/Home/DataDetail?metadataId=26075,"Data Download","WWW:LINK-1.0-http--related","Data Download"
f7084569-6a25-4a45-9c0a-404d290f51aa,http://apps.geoportal.icimod.org/chalccv,"Climage Change Vulnerability and Adaptation Strategies of Forest Ecosystem","WWW:LINK-1.0-http--link","Climage Change Vulnerability and Adaptation Strategies of Forest Ecosystem"
f7084569-6a25-4a45-9c0a-404d290f51aa,http://rds.icimod.org/Home/DataDetail?metadataId=26067,"Data Download","WWW:LINK-1.0-http--related","Data Download"
3fb460b3-7710-4452-8d16-68a9e4d463f3,http://apps.geoportal.icimod.org/chalccv,"Climage Change Vulnerability and Adaptation Strategies of Forest Ecosystem","WWW:LINK-1.0-http--link","Climage Change Vulnerability and Adaptation Strategies of Forest Ecosystem"
3fb460b3-7710-4452-8d16-68a9e4d463f3,http://rds.icimod.org/Home/DataDetail?metadataId=26068,"Data Download","WWW:LINK-1.0-http--related","Data Download"
ce6cb5a1-17f9-4b53-b3a8-1d7fa912081f,http://apps.geoportal.icimod.org/chalccv,"Climage Change Vulnerability and Adaptation Strategies of Forest Ecosystem","WWW:LINK-1.0-http--link","Climage Change Vulnerability and Adaptation Strategies of Forest Ecosystem"
ce6cb5a1-17f9-4b53-b3a8-1d7fa912081f,http://rds.icimod.org/Home/DataDetail?metadataId=26060,"Data Download","WWW:LINK-1.0-http--related","Data Download"
b965cf03-c7af-499f-81d1-bd22675b75ce,http://apps.geoportal.icimod.org/chalccv,"Climage Change Vulnerability and Adaptation Strategies of Forest Ecosystem","WWW:LINK-1.0-http--link","Climage Change Vulnerability and Adaptation Strategies of Forest Ecosystem"
b965cf03-c7af-499f-81d1-bd22675b75ce,http://rds.icimod.org/Home/DataDetail?metadataId=26061,"Data Download","WWW:LINK-1.0-http--related","Data Download"
9e2909cb-784e-4a52-a2fe-d46142674afc,http://apps.geoportal.icimod.org/chalccv,"Climage Change Vulnerability and Adaptation Strategies of Forest Ecosystem","WWW:LINK-1.0-http--link","Climage Change Vulnerability and Adaptation Strategies of Forest Ecosystem"
9e2909cb-784e-4a52-a2fe-d46142674afc,http://rds.icimod.org/Home/DataDetail?metadataId=26062,"Data Download","WWW:LINK-1.0-http--related","Data Download"
c80d1b02-1eac-400f-b222-963dfe46c2c0,http://apps.geoportal.icimod.org/chalccv,"Climage Change Vulnerability and Adaptation Strategies of Forest Ecosystem","WWW:LINK-1.0-http--link","Climage Change Vulnerability and Adaptation Strategies of Forest Ecosystem"
c80d1b02-1eac-400f-b222-963dfe46c2c0,http://rds.icimod.org/Home/DataDetail?metadataId=26063,"Data Download","WWW:LINK-1.0-http--related","Data Download"
8200e21d-b89b-4b96-93ea-c870d822433f,http://apps.geoportal.icimod.org/chalccv,"Climage Change Vulnerability and Adaptation Strategies of Forest Ecosystem","WWW:LINK-1.0-http--link","Climage Change Vulnerability and Adaptation Strategies of Forest Ecosystem"
8200e21d-b89b-4b96-93ea-c870d822433f,http://rds.icimod.org/Home/DataDetail?metadataId=26064,"Data Download","WWW:LINK-1.0-http--related","Data Download"
04a97dd5-adf5-460b-bc89-762e3310b3a9,http://apps.geoportal.icimod.org/chalccv,"Climage Change Vulnerability and Adaptation Strategies of Forest Ecosystem","WWW:LINK-1.0-http--link","Climage Change Vulnerability and Adaptation Strategies of Forest Ecosystem"
04a97dd5-adf5-460b-bc89-762e3310b3a9,http://rds.icimod.org/Home/DataDetail?metadataId=26065,"Data Download","WWW:LINK-1.0-http--related","Data Download"
e2a1230b-8a46-4373-84d7-305851ff8a73,http://apps.geoportal.icimod.org/chalccv,"Climage Change Vulnerability and Adaptation Strategies of Forest Ecosystem","WWW:LINK-1.0-http--link","Climage Change Vulnerability and Adaptation Strategies of Forest Ecosystem"
e2a1230b-8a46-4373-84d7-305851ff8a73,http://rds.icimod.org/Home/DataDetail?metadataId=26076,"Data Download","WWW:LINK-1.0-http--related","Data Download"
47e48df5-353b-443a-a8ae-1f0b76a46e73,http://apps.geoportal.icimod.org/chalccv,"Climage Change Vulnerability and Adaptation Strategies of Forest Ecosystem","WWW:LINK-1.0-http--link","Climage Change Vulnerability and Adaptation Strategies of Forest Ecosystem"
47e48df5-353b-443a-a8ae-1f0b76a46e73,http://rds.icimod.org/Home/DataDetail?metadataId=26077,"Data Download","WWW:LINK-1.0-http--related","Data Download"
a8ef0e09-ed45-43bc-b86c-3fda05ecc319,http://apps.geoportal.icimod.org/chalccv,"Climage Change Vulnerability and Adaptation Strategies of Forest Ecosystem","WWW:LINK-1.0-http--link","Climage Change Vulnerability and Adaptation Strategies of Forest Ecosystem"
a8ef0e09-ed45-43bc-b86c-3fda05ecc319,http://rds.icimod.org/Home/DataDetail?metadataId=26078,"Data Download","WWW:LINK-1.0-http--related","Data Download"
1c07a666-2d09-4ff7-9653-1762a43b54c2,http://apps.geoportal.icimod.org/chalccv,"Climage Change Vulnerability and Adaptation Strategies of Forest Ecosystem","WWW:LINK-1.0-http--link","Climage Change Vulnerability and Adaptation Strategies of Forest Ecosystem"
1c07a666-2d09-4ff7-9653-1762a43b54c2,http://rds.icimod.org/Home/DataDetail?metadataId=26079,"Data Download","WWW:LINK-1.0-http--related","Data Download"
e8a89573-c206-4dbd-9db5-832467985bdf,http://apps.geoportal.icimod.org/chalccv,"Climage Change Vulnerability and Adaptation Strategies of Forest Ecosystem","WWW:LINK-1.0-http--link","Climage Change Vulnerability and Adaptation Strategies of Forest Ecosystem"
e8a89573-c206-4dbd-9db5-832467985bdf,http://rds.icimod.org/Home/DataDetail?metadataId=26066,"Data Download","WWW:LINK-1.0-http--related","Data Download"
8f0d573f-2c6f-48db-b206-4a2496eb43a7,http://apps.geoportal.icimod.org/chalccv,"Climage Change Vulnerability and Adaptation Strategies of Forest Ecosystem","WWW:LINK-1.0-http--link","Climage Change Vulnerability and Adaptation Strategies of Forest Ecosystem"
8f0d573f-2c6f-48db-b206-4a2496eb43a7,http://rds.icimod.org/Home/DataDetail?metadataId=26090,"Data Download","WWW:LINK-1.0-http--related","Data Download"
57158120-e441-471c-a44c-4955ca7d405c,http://apps.geoportal.icimod.org/chalccv,"Climage Change Vulnerability and Adaptation Strategies of Forest Ecosystem","WWW:LINK-1.0-http--link","Climage Change Vulnerability and Adaptation Strategies of Forest Ecosystem"
57158120-e441-471c-a44c-4955ca7d405c,http://rds.icimod.org/Home/DataDetail?metadataId=26091,"Data Download","WWW:LINK-1.0-http--related","Data Download"
3d8eacf3-0f2a-469f-9b19-cfd00b3f9fe4,http://apps.geoportal.icimod.org/chalccv,"Climage Change Vulnerability and Adaptation Strategies of Forest Ecosystem","WWW:LINK-1.0-http--link","Climage Change Vulnerability and Adaptation Strategies of Forest Ecosystem"
3d8eacf3-0f2a-469f-9b19-cfd00b3f9fe4,http://rds.icimod.org/Home/DataDetail?metadataId=26092,"Data Download","WWW:LINK-1.0-http--related","Data Download"
17e982f2-4dfd-4876-98cc-d15848255bbb,http://apps.geoportal.icimod.org/chalccv,"Climage Change Vulnerability and Adaptation Strategies of Forest Ecosystem","WWW:LINK-1.0-http--link","Climage Change Vulnerability and Adaptation Strategies of Forest Ecosystem"
17e982f2-4dfd-4876-98cc-d15848255bbb,http://rds.icimod.org/Home/DataDetail?metadataId=26082,"Data Download","WWW:LINK-1.0-http--related","Data Download"
8c1f8ef5-23c9-4250-bab3-b6dd88646794,http://apps.geoportal.icimod.org/chalccv,"Climage Change Vulnerability and Adaptation Strategies of Forest Ecosystem","WWW:LINK-1.0-http--link","Climage Change Vulnerability and Adaptation Strategies of Forest Ecosystem"
8c1f8ef5-23c9-4250-bab3-b6dd88646794,http://rds.icimod.org/Home/DataDetail?metadataId=26087,"Data Download","WWW:LINK-1.0-http--related","Data Download"
cfb62d54-5098-479f-948f-13266226e1ee,http://apps.geoportal.icimod.org/chalccv,"Climage Change Vulnerability and Adaptation Strategies of Forest Ecosystem","WWW:LINK-1.0-http--link","Climage Change Vulnerability and Adaptation Strategies of Forest Ecosystem"
cfb62d54-5098-479f-948f-13266226e1ee,http://rds.icimod.org/Home/DataDetail?metadataId=26080,"Data Download","WWW:LINK-1.0-http--related","Data Download"
c801e179-c32e-40a5-b2b2-3dd1a3696c3a,http://apps.geoportal.icimod.org/chalccv,"Climage Change Vulnerability and Adaptation Strategies of Forest Ecosystem","WWW:LINK-1.0-http--link","Climage Change Vulnerability and Adaptation Strategies of Forest Ecosystem"
c801e179-c32e-40a5-b2b2-3dd1a3696c3a,http://rds.icimod.org/Home/DataDetail?metadataId=26081,"Data Download","WWW:LINK-1.0-http--related","Data Download"
1d3b46d9-f7a0-46c6-bfcc-c10528fbbe0a,http://apps.geoportal.icimod.org/chalccv,"Climage Change Vulnerability and Adaptation Strategies of Forest Ecosystem","WWW:LINK-1.0-http--link","Climage Change Vulnerability and Adaptation Strategies of Forest Ecosystem"
1d3b46d9-f7a0-46c6-bfcc-c10528fbbe0a,http://rds.icimod.org/Home/DataDetail?metadataId=26093,"Data Download","WWW:LINK-1.0-http--related","Data Download"
82efa676-61d6-42db-8305-76bc189b8a54,http://apps.geoportal.icimod.org/chalccv,"Climage Change Vulnerability and Adaptation Strategies of Forest Ecosystem","WWW:LINK-1.0-http--link","Climage Change Vulnerability and Adaptation Strategies of Forest Ecosystem"
82efa676-61d6-42db-8305-76bc189b8a54,http://rds.icimod.org/Home/DataDetail?metadataId=26096,"Data Download","WWW:LINK-1.0-http--related","Data Download"
100b3212-4887-48b7-a073-878c7502a4c3,http://apps.geoportal.icimod.org/chalccv,"Climage Change Vulnerability and Adaptation Strategies of Forest Ecosystem","WWW:LINK-1.0-http--link","Climage Change Vulnerability and Adaptation Strategies of Forest Ecosystem"
100b3212-4887-48b7-a073-878c7502a4c3,http://rds.icimod.org/Home/DataDetail?metadataId=26085,"Data Download","WWW:LINK-1.0-http--related","Data Download"
ce884915-95bd-47b9-ac7d-bf6ce0e74e59,http://apps.geoportal.icimod.org/chalccv,"Climage Change Vulnerability and Adaptation Strategies of Forest Ecosystem","WWW:LINK-1.0-http--link","Climage Change Vulnerability and Adaptation Strategies of Forest Ecosystem"
ce884915-95bd-47b9-ac7d-bf6ce0e74e59,http://rds.icimod.org/Home/DataDetail?metadataId=26086,"Data Download","WWW:LINK-1.0-http--related","Data Download"
bbba87b2-8e3a-4777-ac2c-e126dd13d6aa,http://apps.geoportal.icimod.org/chalccv,"Climage Change Vulnerability and Adaptation Strategies of Forest Ecosystem","WWW:LINK-1.0-http--link","Climage Change Vulnerability and Adaptation Strategies of Forest Ecosystem"
bbba87b2-8e3a-4777-ac2c-e126dd13d6aa,http://rds.icimod.org/Home/DataDetail?metadataId=26083,"Data Download","WWW:LINK-1.0-http--related","Data Download"
5f91cb1d-5707-43f9-9f22-49e1263c30dd,http://apps.geoportal.icimod.org/chalccv,"Climage Change Vulnerability and Adaptation Strategies of Forest Ecosystem","WWW:LINK-1.0-http--link","Climage Change Vulnerability and Adaptation Strategies of Forest Ecosystem"
5f91cb1d-5707-43f9-9f22-49e1263c30dd,http://rds.icimod.org/Home/DataDetail?metadataId=26084,"Data Download","WWW:LINK-1.0-http--related","Data Download"
46397713-06ae-4937-81a3-4cf401a8dcca,http://apps.geoportal.icimod.org/chalccv,"Climage Change Vulnerability and Adaptation Strategies of Forest Ecosystem","WWW:LINK-1.0-http--link","Climage Change Vulnerability and Adaptation Strategies of Forest Ecosystem"
46397713-06ae-4937-81a3-4cf401a8dcca,http://rds.icimod.org/Home/DataDetail?metadataId=26095,"Data Download","WWW:LINK-1.0-http--related","Data Download"
65c3a5bd-ea27-41bd-8b64-3625d8b19d4e,http://apps.geoportal.icimod.org/chalccv,"Climage Change Vulnerability and Adaptation Strategies of Forest Ecosystem","WWW:LINK-1.0-http--link","Climage Change Vulnerability and Adaptation Strategies of Forest Ecosystem"
65c3a5bd-ea27-41bd-8b64-3625d8b19d4e,http://rds.icimod.org/Home/DataDetail?metadataId=26094,"Data Download","WWW:LINK-1.0-http--related","Data Download"
40ec51d7-be87-4dd6-9d4c-5c9d01d88688,http://apps.geoportal.icimod.org/chalccv,"Climage Change Vulnerability and Adaptation Strategies of Forest Ecosystem","WWW:LINK-1.0-http--link","Climage Change Vulnerability and Adaptation Strategies of Forest Ecosystem"
40ec51d7-be87-4dd6-9d4c-5c9d01d88688,http://rds.icimod.org/Home/DataDetail?metadataId=26088,"Data Download","WWW:LINK-1.0-http--related","Data Download"
e4c4c310-a939-4bb9-ab0b-b58a95911c49,,"","",""
e4c4c310-a939-4bb9-ab0b-b58a95911c49,http://rds.icimod.org/Home/DataDetail?metadataId=22989,"Data Download","WWW:LINK-1.0-http--related","Data Download"
e5ccb065-d209-4984-8306-840e8ba81026,http://apps.geoportal.icimod.org/redd/,"","WWW:LINK-1.0-http--link","REDD Information System"
e5ccb065-d209-4984-8306-840e8ba81026,http://rds.icimod.org/Home/DataDetail?metadataId=23292,"Data Download","WWW:LINK-1.0-http--related","Data Download"
e5ccb065-d209-4984-8306-840e8ba81026,http://118.91.160.238/ArcGIS/rest/services/REDD/Kayerkhola/MapServer/6,"","OGC:WMS-1.3.0-http-get-map","ArcGIS Web Service"
49539521-9087-43a3-81fa-09de1ac6d8d2,http://apps.geoportal.icimod.org/biomass,"","WWW:LINK-1.0-http--link","Above Ground Biomass in Nepal"
49539521-9087-43a3-81fa-09de1ac6d8d2,http://rds.icimod.org/Home/DataDetail?metadataId=23172,"Data Download","WWW:LINK-1.0-http--related","Data Download"
49539521-9087-43a3-81fa-09de1ac6d8d2,http://apps.geoportal.icimod.org/icimodarcgis/rest/services/ScienceApp/NepalBiomass/MapServer/7,"","OGC:WMS-1.3.0-http-get-map","ArcGIS Web Service"
7b1ccfaa-0271-471c-94dd-12bde57f6894,http://apps.geoportal.icimod.org/biomass,"","WWW:LINK-1.0-http--link","Above Ground Biomass in Nepal"
7b1ccfaa-0271-471c-94dd-12bde57f6894,http://rds.icimod.org/Home/DataDetail?metadataId=23174,"Data Download","WWW:LINK-1.0-http--related","Data Download"
7b1ccfaa-0271-471c-94dd-12bde57f6894,http://apps.geoportal.icimod.org/icimodarcgis/rest/services/ScienceApp/NepalBiomass/MapServer/8,"","OGC:WMS-1.3.0-http-get-map","ArcGIS Web Service"
cf2e79e9-5244-46f5-a9e5-25a70dcc416c,http://apps.geoportal.icimod.org/biomass,"","WWW:LINK-1.0-http--link","Above Ground Biomass in Nepal"
cf2e79e9-5244-46f5-a9e5-25a70dcc416c,http://rds.icimod.org/Home/DataDetail?metadataId=23173,"Data Download","WWW:LINK-1.0-http--related","Data Download"
cf2e79e9-5244-46f5-a9e5-25a70dcc416c,http://apps.geoportal.icimod.org/icimodarcgis/rest/services/ScienceApp/NepalBiomass/MapServer/9,"","OGC:WMS-1.3.0-http-get-map","ArcGIS Web Service"
3837475d-8b52-4308-bb0a-33e684cb6e1f,http://apps.geoportal.icimod.org/chalccv,"Climage Change Vulnerability and Adaptation Strategies of Forest Ecosystem","WWW:LINK-1.0-http--link","Climage Change Vulnerability and Adaptation Strategies of Forest Ecosystem"
3837475d-8b52-4308-bb0a-33e684cb6e1f,http://rds.icimod.org/Home/DataDetail?metadataId=26101,"Data Download","WWW:LINK-1.0-http--related","Data Download"
e4796416-d13f-44d7-bd4c-82b5f2e0a328,http://apps.geoportal.icimod.org/chalccv,"Climage Change Vulnerability and Adaptation Strategies of Forest Ecosystem","WWW:LINK-1.0-http--link","Climage Change Vulnerability and Adaptation Strategies of Forest Ecosystem"
e4796416-d13f-44d7-bd4c-82b5f2e0a328,http://rds.icimod.org/Home/DataDetail?metadataId=26102,"Data Download","WWW:LINK-1.0-http--related","Data Download"
6a8778f6-0679-47bb-bfcc-8709b2be5204,http://apps.geoportal.icimod.org/chalccv,"Climage Change Vulnerability and Adaptation Strategies of Forest Ecosystem","WWW:LINK-1.0-http--link","Climage Change Vulnerability and Adaptation Strategies of Forest Ecosystem"
6a8778f6-0679-47bb-bfcc-8709b2be5204,http://rds.icimod.org/Home/DataDetail?metadataId=26099,"Data Download","WWW:LINK-1.0-http--related","Data Download"
be712aa8-7c8b-4e12-9adb-06945d4de75c,http://apps.geoportal.icimod.org/chalccv,"Climage Change Vulnerability and Adaptation Strategies of Forest Ecosystem","WWW:LINK-1.0-http--link","Climage Change Vulnerability and Adaptation Strategies of Forest Ecosystem"
be712aa8-7c8b-4e12-9adb-06945d4de75c,http://rds.icimod.org/Home/DataDetail?metadataId=26100,"Data Download","WWW:LINK-1.0-http--related","Data Download"
a116b045-5ade-42a5-a69f-6bda0bfa71ad,http://apps.geoportal.icimod.org/chalccv,"Climage Change Vulnerability and Adaptation Strategies of Forest Ecosystem","WWW:LINK-1.0-http--link","Climage Change Vulnerability and Adaptation Strategies of Forest Ecosystem"
a116b045-5ade-42a5-a69f-6bda0bfa71ad,http://rds.icimod.org/Home/DataDetail?metadataId=26097,"Data Download","WWW:LINK-1.0-http--related","Data Download"
45b19e3f-bd34-4dee-9e91-b91da8b39cb6,http://apps.geoportal.icimod.org/chalccv,"Climage Change Vulnerability and Adaptation Strategies of Forest Ecosystem","WWW:LINK-1.0-http--link","Climage Change Vulnerability and Adaptation Strategies of Forest Ecosystem"
45b19e3f-bd34-4dee-9e91-b91da8b39cb6,http://rds.icimod.org/Home/DataDetail?metadataId=26098,"Data Download","WWW:LINK-1.0-http--related","Data Download"
c9b236d7-f2df-48ee-83ee-f088455b39e2,http://apps.geoportal.icimod.org/chalccv,"Climage Change Vulnerability and Adaptation Strategies of Forest Ecosystem","WWW:LINK-1.0-http--link","Climage Change Vulnerability and Adaptation Strategies of Forest Ecosystem"
c9b236d7-f2df-48ee-83ee-f088455b39e2,http://rds.icimod.org/Home/DataDetail?metadataId=26104,"Data Download","WWW:LINK-1.0-http--related","Data Download"
2399bd93-dd4b-44e4-827d-d24448842406,http://apps.geoportal.icimod.org/chalccv,"Climage Change Vulnerability and Adaptation Strategies of Forest Ecosystem","WWW:LINK-1.0-http--link","Climage Change Vulnerability and Adaptation Strategies of Forest Ecosystem"
2399bd93-dd4b-44e4-827d-d24448842406,http://rds.icimod.org/Home/DataDetail?metadataId=26105,"Data Download","WWW:LINK-1.0-http--related","Data Download"
f58868ea-8f5b-4d84-9771-cf07add4f1a8,http://apps.geoportal.icimod.org/chalccv,"Climage Change Vulnerability and Adaptation Strategies of Forest Ecosystem","WWW:LINK-1.0-http--link","Climage Change Vulnerability and Adaptation Strategies of Forest Ecosystem"
f58868ea-8f5b-4d84-9771-cf07add4f1a8,http://rds.icimod.org/Home/DataDetail?metadataId=26106,"Data Download","WWW:LINK-1.0-http--related","Data Download"
425c07bb-832d-497e-9138-dc8c1b50a6c0,http://apps.geoportal.icimod.org/chalccv,"Climage Change Vulnerability and Adaptation Strategies of Forest Ecosystem","WWW:LINK-1.0-http--link","Climage Change Vulnerability and Adaptation Strategies of Forest Ecosystem"
425c07bb-832d-497e-9138-dc8c1b50a6c0,http://rds.icimod.org/Home/DataDetail?metadataId=26103,"Data Download","WWW:LINK-1.0-http--related","Data Download"
14285826-ddc8-45fb-a288-ca76243d3a8f,http://apps.geoportal.icimod.org/rangeland,"","WWW:LINK-1.0-http--link","Rangelands Decision Support System in Pakistan"
14285826-ddc8-45fb-a288-ca76243d3a8f,http://rds.icimod.org/Home/DataDetail?metadataId=23226,"Data Download","WWW:LINK-1.0-http--related","Data Download"
14285826-ddc8-45fb-a288-ca76243d3a8f,,"","OGC:WMS-1.3.0-http-get-map","ArcGIS Web Service"
a2702533-c5e6-4b6d-8411-c663d5243fc9,http://rds.icimod.org/Home/DataDetail?metadataId=24682,"Data Download","WWW:LINK-1.0-http--related","Data Download"
5aef98ad-1889-4bde-9b23-ba05ddde6c87,http://rds.icimod.org/Home/DataDetail?metadataId=24676,"Data Download","WWW:LINK-1.0-http--related","Data Download"
60c5e753-6c53-4184-845c-8a680feb46d7,http://rds.icimod.org/Home/DataDetail?metadataId=24683,"Data Download","WWW:LINK-1.0-http--related","Data Download"
92efe7eb-4704-4026-9f1b-9a88f79668d6,http://rds.icimod.org/Home/DataDetail?metadataId=24677,"Data Download","WWW:LINK-1.0-http--related","Data Download"
c51ab7b1-228d-4776-9384-184b6e0d3686,http://rds.icimod.org/Home/DataDetail?metadataId=24679,"Data Download","WWW:LINK-1.0-http--related","Data Download"
2fde278f-a406-411c-91aa-6094dd81efe5,http://rds.icimod.org/Home/DataDetail?metadataId=24681,"Data Download","WWW:LINK-1.0-http--related","Data Download"
21abc7ae-bfcd-4822-a301-6f500cf64c7d,http://apps.geoportal.icimod.org/rangeland,"","WWW:LINK-1.0-http--link","Rangelands Decision Support System in Pakistan"
21abc7ae-bfcd-4822-a301-6f500cf64c7d,http://rds.icimod.org/Home/DataDetail?metadataId=23221,"Data Download","WWW:LINK-1.0-http--related","Data Download"
21abc7ae-bfcd-4822-a301-6f500cf64c7d,http://apps.geoportal.icimod.org/icimodarcgis/rest/services/RangeLandDSS/RangeDSS/MapServer/3,"","OGC:WMS-1.3.0-http-get-map","ArcGIS Web Service"
62bf50c7-22fb-4c98-9646-e3458208350c,http://apps.geoportal.icimod.org/rangeland,"","WWW:LINK-1.0-http--link","Rangelands Decision Support System in Pakistan"
62bf50c7-22fb-4c98-9646-e3458208350c,http://rds.icimod.org/Home/DataDetail?metadataId=23222,"Data Download","WWW:LINK-1.0-http--related","Data Download"
62bf50c7-22fb-4c98-9646-e3458208350c,http://apps.geoportal.icimod.org/icimodarcgis/rest/services/RangeLandDSS/RangeDSS/MapServer/2,"","OGC:WMS-1.3.0-http-get-map","ArcGIS Web Service"
5619ab6b-1979-4055-a5ae-45f2ba57c4a7,http://apps.geoportal.icimod.org/rangeland,"","WWW:LINK-1.0-http--link","Rangelands Decision Support System in Pakistan"
5619ab6b-1979-4055-a5ae-45f2ba57c4a7,http://rds.icimod.org/Home/DataDetail?metadataId=23223,"Data Download","WWW:LINK-1.0-http--related","Data Download"
5619ab6b-1979-4055-a5ae-45f2ba57c4a7,http://apps.geoportal.icimod.org/icimodarcgis/rest/services/RangeLandDSS/RangeDSS/MapServer/5,"","OGC:WMS-1.3.0-http-get-map","ArcGIS Web Service"
37d15b12-72c5-4802-aa4c-27fcfd260b88,http://apps.geoportal.icimod.org/chalccv,"","WWW:LINK-1.0-http--link","Climate Change Vulnerability and Adaptation Startegies of Forest Ecosystem"
37d15b12-72c5-4802-aa4c-27fcfd260b88,http://rds.icimod.org/Home/DataDetail?metadataId=23187,"Data Download","WWW:LINK-1.0-http--related","Data Download"
37d15b12-72c5-4802-aa4c-27fcfd260b88,http://118.91.160.238/ArcGIS/rest/services/CHAL/Sensivity/MapServer/0,"","OGC:WMS-1.3.0-http-get-map","ArcGIS Web Service"
58842a51-d24e-4037-aa09-dbc279c8adc4,http://apps.geoportal.icimod.org/rangeland,"","WWW:LINK-1.0-http--link","Rangelands Decision Support System in Pakistan"
58842a51-d24e-4037-aa09-dbc279c8adc4,http://rds.icimod.org/Home/DataDetail?metadataId=23224,"Data Download","WWW:LINK-1.0-http--related","Data Download"
58842a51-d24e-4037-aa09-dbc279c8adc4,http://apps.geoportal.icimod.org/icimodarcgis/rest/services/RangeLandDSS/RangeDSS/MapServer/8,"","OGC:WMS-1.3.0-http-get-map","ArcGIS Web Service"
512d5e00-65be-4727-836e-f10f38f802ec,http://apps.geoportal.icimod.org/chalccv,"","WWW:LINK-1.0-http--link","Climate Change Vulnerability and Adaptation Startegies of Forest Ecosystem"
512d5e00-65be-4727-836e-f10f38f802ec,http://rds.icimod.org/Home/DataDetail?metadataId=23185,"Data Download","WWW:LINK-1.0-http--related","Data Download"
512d5e00-65be-4727-836e-f10f38f802ec,http://118.91.160.238/ArcGIS/rest/services/CHAL/DependenceVulnerability/MapServer/3,"","OGC:WMS-1.3.0-http-get-map","ArcGIS Web Service"
23686841-882f-4317-8d07-7c01226a99ca,http://apps.geoportal.icimod.org/Bhutanforestfire,"Forest Fire Detection and Monitoring in Bhutan","WWW:LINK-1.0-http--link",""
23686841-882f-4317-8d07-7c01226a99ca,http://rds.icimod.org/Home/DataDetail?metadataId=28607,"Data Download","WWW:LINK-1.0-http--related","Data Download"
3efb4b5f-6925-4e88-8cd8-373ed895a8fd,http://apps.geoportal.icimod.org/mmlandcover,"Data Download","WWW:LINK-1.0-http--link",""
3efb4b5f-6925-4e88-8cd8-373ed895a8fd,http://rds.icimod.org/Home/DataDetail?metadataId=28633,"","WWW:LINK-1.0-http--related","Data Download"
7f505f87-e01d-41cc-9624-5bdca9de46de,http://apps.geoportal.icimod.org/bdlandcover,"Data Download","WWW:LINK-1.0-http--link",""
7f505f87-e01d-41cc-9624-5bdca9de46de,http://rds.icimod.org/Home/DataDetail?metadataId=28646,"","WWW:LINK-1.0-http--related","Data Download"
47c1b330-6ee6-41cf-ba3f-9ad3ad72e290,http://rds.icimod.org/Home/DataDetail?metadataId=24267,"Data Download","WWW:LINK-1.0-http--related","Data Download"
af76b2d4-b4fe-4792-99ff-8429cc798c96,http://apps.geoportal.icimod.org/pklandcover,"Data Download","WWW:LINK-1.0-http--link",""
af76b2d4-b4fe-4792-99ff-8429cc798c96,http://rds.icimod.org/Home/DataDetail?metadataId=28630,"","WWW:LINK-1.0-http--related","Data Download"
fbc7ade9-f6e7-49c2-b99d-e7840ed88dcf,http://apps.geoportal.icimod.org/pklandcover,"Data Download","WWW:LINK-1.0-http--link",""
fbc7ade9-f6e7-49c2-b99d-e7840ed88dcf,http://rds.icimod.org/Home/DataDetail?metadataId=28631,"","WWW:LINK-1.0-http--related","Data Download"
abfc1092-71b2-4b51-a144-ad4aff527a2e,http://apps.geoportal.icimod.org/pklandcover,"Data Download","WWW:LINK-1.0-http--link",""
abfc1092-71b2-4b51-a144-ad4aff527a2e,http://rds.icimod.org/Home/DataDetail?metadataId=28632,"","WWW:LINK-1.0-http--related","Data Download"
c0583180-8952-4aff-a750-83bfe036fc50,http://apps.geoportal.icimod.org/bdlandcover,"Data Download","WWW:LINK-1.0-http--link",""
c0583180-8952-4aff-a750-83bfe036fc50,http://rds.icimod.org/Home/DataDetail?metadataId=28638,"","WWW:LINK-1.0-http--related","Data Download"
91d6e67d-6d3f-4e26-afd4-5962e2310e58,http://apps.geoportal.icimod.org/bdlandcover,"Data Download","WWW:LINK-1.0-http--link",""
91d6e67d-6d3f-4e26-afd4-5962e2310e58,http://rds.icimod.org/Home/DataDetail?metadataId=28639,"","WWW:LINK-1.0-http--related","Data Download"
d75daed2-5e99-4041-895a-6f2031494caf,http://apps.geoportal.icimod.org/raptiflood,"DSS for Flood Management","WWW:LINK-1.0-http--link","DSS for Flood Management"
d75daed2-5e99-4041-895a-6f2031494caf,http://rds.icimod.org/Home/DataDetail?metadataId=23209,"Data Download","WWW:LINK-1.0-http--related","Data Download"
d75daed2-5e99-4041-895a-6f2031494caf,http://apps.geoportal.icimod.org/icimodarcgis/rest/services/EastRaptiFloodDSS/FloodDSS/MapServer/6,"Web Map Service","OGC:WMS-1.3.0-http-get-map","Web Map Service"
8d0b0079-a46e-4c02-aad0-6c7ddb752ef6,http://apps.geoportal.icimod.org/chalccv,"","WWW:LINK-1.0-http--link","Climate Change Vulnerability and Adaptation Startegies of Forest Ecosystem"
8d0b0079-a46e-4c02-aad0-6c7ddb752ef6,http://118.91.160.238/ArcGIS/rest/services/CHAL/DependenceVulnerability/MapServer/2,"","OGC:WMS-1.3.0-http-get-map","ArcGIS Web Service"
8d0b0079-a46e-4c02-aad0-6c7ddb752ef6,http://rds.icimod.org/Home/DataDetail?metadataId=23186,"Data Download","WWW:LINK-1.0-http--related","Data Download"
bc62fccd-af0f-448f-9367-397575c8e6ac,http://apps.geoportal.icimod.org/NepalAgriculture,"Agriculture Monitoring to Support Food Security in Nepal","WWW:LINK-1.0-http--link","Agriculture Monitoring to Support Food Security in Nepal"
bc62fccd-af0f-448f-9367-397575c8e6ac,http://118.91.160.238/ArcGIS/rest/services/Nepal/Drought/MapServer/0,"Web Map Service","OGC:WMS-1.3.0-http-get-map","Web Map Service"
bc62fccd-af0f-448f-9367-397575c8e6ac,http://rds.icimod.org/Home/DataDetail?metadataId=23215,"Data Download","WWW:LINK-1.0-http--related","Data Download"
b9b00802-c939-44a9-8866-7402ddd7d4a0,http://apps.geoportal.icimod.org/NepalAgriculture,"Agriculture Monitoring to Support Food Security in Nepal","WWW:LINK-1.0-http--link","Agriculture Monitoring to Support Food Security in Nepal"
b9b00802-c939-44a9-8866-7402ddd7d4a0,http://118.91.160.238/ArcGIS/rest/services/Nepal/CropSownArea/MapServer,"Web Map Service","OGC:WMS-1.3.0-http-get-map","Web Map Service"
b9b00802-c939-44a9-8866-7402ddd7d4a0,http://rds.icimod.org/Home/DataDetail?metadataId=23219,"Data Download","WWW:LINK-1.0-http--related","Data Download"
a7ebcea2-78b2-4e89-ac82-9d5409b88011,http://apps.geoportal.icimod.org/raptiflood,"","WWW:LINK-1.0-http--link","DSS for Flood Management"
a7ebcea2-78b2-4e89-ac82-9d5409b88011,http://apps.geoportal.icimod.org/icimodarcgis/rest/services/EastRaptiFloodDSS/FloodDSS/MapServer/10,"Web Map Service","OGC:WMS-1.3.0-http-get-map","Web Map Service"
a7ebcea2-78b2-4e89-ac82-9d5409b88011,http://rds.icimod.org/Home/DataDetail?metadataId=23201,"Data Download","WWW:LINK-1.0-http--related","Data Download"
74009a5f-946e-4fb5-9e48-9689d2fda0d4,http://apps.geoportal.icimod.org/raptiflood,"","WWW:LINK-1.0-http--link","DSS for Flood Management"
74009a5f-946e-4fb5-9e48-9689d2fda0d4,http://rds.icimod.org/Home/DataDetail?metadataId=23210,"Data Download","WWW:LINK-1.0-http--related","Data Download"
74009a5f-946e-4fb5-9e48-9689d2fda0d4,http://apps.geoportal.icimod.org/icimodarcgis/rest/services/EastRaptiFloodDSS/FloodDSS/MapServer/0,"","OGC:WMS-1.3.0-http-get-map","ArcGIS Web Service"
48a06dd9-e2c6-4722-a9ae-af2fc590a031,http://apps.geoportal.icimod.org/raptiflood,"","WWW:LINK-1.0-http--link","DSS for Flood Management"
48a06dd9-e2c6-4722-a9ae-af2fc590a031,http://rds.icimod.org/Home/DataDetail?metadataId=23208,"Data Download","WWW:LINK-1.0-http--related","Data Download"
f2cd0106-8d63-49e1-899d-5244cb92f2ac,http://rds.icimod.org/Home/DataDetail?metadataId=23183,"Data Download","WWW:LINK-1.0-http--related","Data Download"
b0df8300-7b65-4844-8959-62c8b9ae3309,http://apps.geoportal.icimod.org/redd/,"REDD Information System","WWW:LINK-1.0-http--link","REDD Information System"
b0df8300-7b65-4844-8959-62c8b9ae3309,http://118.91.160.238/ArcGIS/rest/services/REDD/Kayerkhola/MapServer/10,"Web Map Service","OGC:WMS-1.3.0-http-get-map","Web Map Service"
b0df8300-7b65-4844-8959-62c8b9ae3309,http://rds.icimod.org/Home/DataDetail?metadataId=23289,"Data Download","WWW:LINK-1.0-http--related","Data Download"
4ecf3d06-4b32-489e-b34f-c02653207107,http://apps.geoportal.icimod.org/chalccv,"Climate Change Vulnerability and Adaptation Startegies of Forest Ecosystem","WWW:LINK-1.0-http--link","Climate Change Vulnerability and Adaptation Startegies of Forest Ecosystem"
4ecf3d06-4b32-489e-b34f-c02653207107,http://rds.icimod.org/Home/DataDetail?metadataId=23180,"Data Download","WWW:LINK-1.0-http--related","Data Download"
1b4f293a-c131-415f-8e39-a58d2e8bae23,http://rds.icimod.org/Home/DataDetail?metadataId=24268,"Data Download","WWW:LINK-1.0-http--related","Data Download"
fb4bc5ed-0b03-475b-b412-5c68bc1b83bf,http://rds.icimod.org/Home/DataDetail?metadataId=24687,"Data Download","WWW:LINK-1.0-http--related","Data Download"
04045cb5-f9ef-41ef-91b5-753f9a36449b,http://rds.icimod.org/Home/DataDetail?metadataId=24686,"Data Download","WWW:LINK-1.0-http--related","Data Download"
2c1dade1-841e-42bb-9eaa-63fc15949b38,http://rds.icimod.org/Home/DataDetail?metadataId=24685,"Data Download","WWW:LINK-1.0-http--related","Data Download"
465969d4-bab0-42a7-87b3-152c23b5c43c,http://apps.geoportal.icimod.org/chalccv,"Climate Change Vulnerability and Adaptation Startegies of Forest Ecosystem","WWW:LINK-1.0-http--link","Climate Change Vulnerability and Adaptation Startegies of Forest Ecosystem"
465969d4-bab0-42a7-87b3-152c23b5c43c,http://118.91.160.238/ArcGIS/rest/services/CHAL/DependenceVulnerability/MapServer/13,"Web Map Service","OGC:WMS-1.3.0-http-get-map","Web Map Service"
465969d4-bab0-42a7-87b3-152c23b5c43c,http://rds.icimod.org/Home/DataDetail?metadataId=23188,"Data Download","WWW:LINK-1.0-http--related","Data Download"
1f165719-12cc-4f65-8f40-5b27428ce02f,http://rds.icimod.org/Home/DataDetail?metadataId=24684,"Data Download","WWW:LINK-1.0-http--related","Data Download"
8b3a6898-1645-44a3-9a21-0e55c5ddd0ab,http://rds.icimod.org/Home/DataDetail?metadataId=19590,"Data Download","WWW:LINK-1.0-http--related","Data Download"
18f125af-85d5-411a-8fb5-a4736be00da1,http://geoapps.icimod.org/icimodarcgis/rest/services/Bhutan/Glacier/MapServer/3,"Bhutan Glacier 1980","OGC:WMS-1.3.0-http-get-map",""
18f125af-85d5-411a-8fb5-a4736be00da1,http://apps.geoportal.icimod.org/bhutanglacier/,"Data Download","WWW:LINK-1.0-http--related",""
18f125af-85d5-411a-8fb5-a4736be00da1,http://rds.icimod.org/Home/DataDetail?metadataId=9343,"","WWW:LINK-1.0-http--related","Data Download"
f82ab431-c774-4cee-bbc9-1ddfc2b2c674,http://geoapps.icimod.org/icimodarcgis/rest/services/Bhutan/Glacier/MapServer/2,"Bhutan Glacier 1990","OGC:WMS-1.3.0-http-get-map",""
f82ab431-c774-4cee-bbc9-1ddfc2b2c674,http://apps.geoportal.icimod.org/bhutanglacier/,"Data Download","WWW:LINK-1.0-http--related",""
f82ab431-c774-4cee-bbc9-1ddfc2b2c674,http://rds.icimod.org/Home/DataDetail?metadataId=9344,"","WWW:LINK-1.0-http--related","Data Download"
276e5dfe-42a3-4ad6-a08d-bbf982c8311c,http://geoapps.icimod.org/icimodarcgis/rest/services/Bhutan/Landcover/MapServer/2,"Web Map Service","OGC:WMS-1.3.0-http-get-map",""
276e5dfe-42a3-4ad6-a08d-bbf982c8311c,http://rds.icimod.org/Home/DataDetail?metadataId=9873,"Data Download","WWW:LINK-1.0-http--related","Data Download"
ba1e2feb-bf9f-4ee7-b8b9-3606d32d88ce,http://geoapps.icimod.org/icimodarcgis/rest/services/Bhutan/Landcover/MapServer/3,"Web Map Service","OGC:WMS-1.3.0-http-get-map",""
ba1e2feb-bf9f-4ee7-b8b9-3606d32d88ce,http://rds.icimod.org/Home/DataDetail?metadataId=9872,"Data Download","WWW:LINK-1.0-http--related","Data Download"
72efcd70-6b95-474d-ac1f-4a48199989be,http://geoapps.icimod.org/icimodarcgis/rest/services/Bhutan/Glacier/MapServer/0,"Bhutan Glacier 2010","OGC:WMS-1.3.0-http-get-map",""
72efcd70-6b95-474d-ac1f-4a48199989be,http://apps.geoportal.icimod.org/bhutanglacier/,"Data Download","WWW:LINK-1.0-http--related",""
72efcd70-6b95-474d-ac1f-4a48199989be,http://rds.icimod.org/Home/DataDetail?metadataId=9347,"","WWW:LINK-1.0-http--related","Data Download"
eee4715e-dcf6-45a6-a99d-f2d26f14c837,http://118.91.160.238/ArcGIS/rest/services/HKH/Fire/MapServer/,"","WWW:LINK-1.0-http--link",""
1869ded3-9f19-4d56-b8ca-6f5c869ee2be,http://geoapps.icimod.org/icimodarcgis/rest/services/Bhutan/Glacier/MapServer/1,"Bhutan Glacier 2000","OGC:WMS-1.3.0-http-get-map",""
1869ded3-9f19-4d56-b8ca-6f5c869ee2be,http://apps.geoportal.icimod.org/bhutanglacier/,"Data Download","WWW:LINK-1.0-http--related",""
1869ded3-9f19-4d56-b8ca-6f5c869ee2be,http://rds.icimod.org/Home/DataDetail?metadataId=9346,"","WWW:LINK-1.0-http--related","Data Download"
d14414d0-a356-4843-8bbb-ebcbb6630017,http://118.91.160.238/ArcGIS/rest/services/Nepal/Landcover2010/MapServer/0,"ArcGIS web services","OGC:WMS-1.3.0-http-get-map",""
d14414d0-a356-4843-8bbb-ebcbb6630017,http://www.sciencedirect.com/science/article/pii/S0301479714004009,"Reference","WWW:LINK-1.0-http--related",""
d14414d0-a356-4843-8bbb-ebcbb6630017,http://rds.icimod.org/Home/DataDetail?metadataId=9224,"Data Download","WWW:LINK-1.0-http--related","Data Download"
be85f96a-3b55-4241-ae2c-4aa1326c0f44,http://geoapps.icimod.org/icimodarcgis/rest/services/Bhutan/Landcover/MapServer/4,"Web Map Service","OGC:WMS-1.3.0-http-get-map",""
be85f96a-3b55-4241-ae2c-4aa1326c0f44,http://rds.icimod.org/Home/DataDetail?metadataId=8880,"Data Download","WWW:LINK-1.0-http--related","Data Download"
22ca7e9a-35d7-408c-9838-e0c8b9e5a3e8,http://rds.icimod.org/Home/DataDetail?metadataId=9096,"Data Download","WWW:LINK-1.0-http--related","Data Download"
ac6ad620-ee88-4e70-9e04-ba778f30003d,http://rds.icimod.org:8080/geonetwork/srv/en/resources.get?uuid=ac6ad620-ee88-4e70-9e04-ba778f30003d&fname=disaster_variable_list.csv&access=private,"","WWW:DOWNLOAD-1.0-http--download","Variable list"
cec6fce4-8df6-43e1-b527-62a6212ce4b7,http://rds.icimod.org:8080/geonetwork/srv/en/resources.get?uuid=cec6fce4-8df6-43e1-b527-62a6212ce4b7&fname=Landslide_Variable_Details.csv&access=private,"Data Download","WWW:DOWNLOAD-1.0-http--download","Variable Details"
cec6fce4-8df6-43e1-b527-62a6212ce4b7,http://rds.icimod.org/Home/DataDetail?metadataId=24055,"","WWW:LINK-1.0-http--related","Data Download"
