Identifier,Title
37449070-2972-4d0e-93c7-174114cd5a53,"Dependence of local communities on forest ecosystems in Chitwan Annapurna Landscape (CHAL)"
c2c22973-da40-4b11-a027-111f5c485f98,"IRS-P6 Imagery India and Nepal"
85e8f529-9641-4a9c-a9c0-c42c9e4e23b9,"GeoEye Imagery of Imja Glacier Lake of Nepal."
85033398-589b-436b-881a-2ba989c4c39b,"East Rapti Watershed"
759675fe-e07f-4ec5-a700-e32cfc4088a4,"The Modis Snow Cover data of Hindu Kush Himalayan (HKH) Region"
ba64f8ec-f94e-41ac-b7ac-7d7be578266c,"Drought Frequency in Nepal during Autumn season"
94a16f41-6b99-4f0c-aa49-4c15ecc398f1,"Active Fire Incidents in Nepal"
10f4cf89-853b-4439-8ddb-52b954269afc,"Glaciers of Nepal 1990"
fdb271a1-5b19-4229-8314-c1faea3d90f4,"Glaciers of Nepal 1980"
c93bf9a0-df40-4847-a232-4df0982c772c,"Glaciers of Nepal 2000"
dbcc48d8-0959-48fb-89da-fa5cafa4823e,"Glaciers of Nepal 2010"
1cd1a2b5-c192-4733-ab01-4b348bebe671,"Land cover of Nepal 1990"
6b71ba2b-ec81-4706-82e6-27c4db14faa3,"District level livestock egg production in Nepal"
f364b4ea-d74c-453b-bb4d-267119aebb7e,"District level tropical fruit production in Nepal"
8f9af277-28cf-4e44-88d6-3cfd8436280e,"District level livestock wool production in Nepal"
5b93cd16-3a22-4ef7-9d19-79551758dd15,"District level temperate fruit production in Nepal"
93728d55-2cae-4c14-9df1-77e336aa36d1,"District level livestock population in Nepal"
2835d5fc-17f1-44b4-8547-f91f768343fe,"District level livestock milk production in Nepal"
cdc973fc-ef6e-4e24-b6d1-af7acfcf0212,"District level cereal crop production in Nepal"
85538e3a-8d83-430e-b4b2-2fe6f23422e7,"District level legume crop production in Nepal"
5cbb9fa9-1736-4322-a382-7094b45f1a3d,"District level cash crop production in Nepal"
766c7bfd-e07f-40b5-9534-9e5e65209011,"District level citrus fruit production in Nepal"
7212b7e8-a3c9-4e5b-9afa-40e08dd77406,"District level livestock meat production in Nepal"
f32f9142-f2ab-48e3-bbcd-4bc3d978c772,"District level vegetable crop production in Nepal"
4ecd30a5-df88-4692-bfae-8b01a6b23bd7,"Forest loss of Sarlahi, Nepal between 2010 and 2013"
e51b3d5c-4eba-440d-ae55-9e0a0cd496b2,"Forest loss of Paro, Bhutan between 2010  and 2013"
9ca56028-5cb7-4043-b557-d55af21eca31,"Flood hazard layers for different incremental discharge from 100mm to 420mm, and every 100% increase upto 1000%"
c6dbe139-68fb-4ad4-a6de-ad7a4f685bc0,"Drought Frequency in Nepal during summer season"
3b433199-e8d0-4913-ba61-3eea24f10e51,"Dependence of local communities for fuelwood on forest ecosystems in Chitwan Annapurna Landscape (CHAL)"
5254f32f-7485-4e74-8308-d2d0fb1455c7,"Forest loss of Swath, Pakistan between 2010 and 2013"
686eacc3-2501-40d1-ae2a-dc1fb29b0b77,"Forest cover of Swath, Pakistan for 2014"
eeaf2e86-6f6f-4381-b8c4-13b2816f6dc9,"Forest cover of Sarlahi, Nepal for 2014"
a83f1889-c001-46e0-9002-defa46aaf2e9,"Forest cover of Sarlahi, Nepal for 2013"
7346abbe-b915-417f-8216-5460aa969b35,"Forest cover of Paro, Bhutan for 2014"
4263e60f-e015-4f93-a720-4f75110a5510,"Land Cover in Phobjikha Valley, Bhutan."
4281f41f-cde3-4cb6-a544-0e5f54695dd4,"District level indicators for hazard, vulnerability and risk due to flood in Nepal"
118d9ec4-4752-4a98-a044-425e3ea2609b,"Drought Frequency in Nepal during winter season"
62bdf873-fd57-4b8b-948c-b13b288da842,"Crop sown area for Wheat crop"
099c72d5-2a18-45a8-89b3-a26707666be3,"Basal Area data of 2009 for Kayerkhola watershed, Chitwan District, Nepal"
063c7fc7-6a69-454e-8c02-74e23348f084,"Dependence of local communities for deforestation on forest ecosystems in Chitwan Annapurna Landscape (CHAL)"
8630a3ca-3b1d-4e76-9d3e-c64a1bf10098,"Land cover data of 2012 for Kayerkhola watershed, Chitwan District, Nepal"
0e503f4b-0ea7-4765-b7ed-e55d22d59bbf,"Forest cover of Swath, Pakistan for 2013"
a3d3982d-fa90-447a-a391-c2644db2d8a2,"VDC level indicators for hazard, vulnerability and risk due to flood in Nepal"
9a8da06b-ec9b-44ff-9701-02dffe0af5c7,"Forest loss of Sarlahi, Nepal between 2013  and 2014"
9017fe22-8837-4e8f-8466-7e731748f185,"Forest loss of Swath, Pakistan between 2013 and 2014"
9ed4e079-7598-494f-8012-19bfd1a60faa,"Forest cover of Paro, Bhutan for 2013"
03be6e91-b736-4456-a121-eda8a2d5b987,"Road network data of East Rapti Watershed"
1268b17a-ddb1-441e-ac6d-85274eec5603,"Inundation layers for incremental discharge from 100mm to 420mm and every 100% increase upto 1000%"
81368dc0-c23c-4924-a182-be44afa3df69,"Flood risk layers for different incremental discharge from 100mm to 420mm, and every 100% increase upto 1000%"
bef2e978-687b-412a-afcc-4e82cc76136f,"River network data of East Rapti Watershed"
a1eb4e31-1bc0-491e-b2ea-f022220e17bb,"Flood hazard layers for return period 2yrs, 5yrs, 10yrs, 20 yrs, 50yrs, 100yrs, 500yrs"
486cd340-de6e-4ab5-86f2-05b70c4e9f6b,"Forest loss of Bandarban, Bangladesh between 2010  and 2013"
7a65b8ad-09ba-439e-9d22-ba7dba9b5c22,"Forest loss of Bandarban, Bangladesh between 2013 and 2014"
9dc25af6-676e-42e3-89d7-549a7f48b2fe,"Inundation layers for return period 2yrs, 5yrs, 10yrs, 20 yrs, 50yrs, 100yrs, 500yrs"
50174f4e-d248-4bf4-aba6-71e6f63f199f,"Land cover data of 2009 for Kayerkhola watershed, Chitwan District, Nepal"
fe340345-1c16-4e5a-b5c8-2853cb474c01,"Annual mean precipitation of 2010 in Chitwan Annapurna Landscape (CHAL)"
08ab4476-e0cc-4bdc-bc6b-65cc20a40571,"Forest loss of Paro, Bhutan between 2013  and 2014"
fcb1b48d-f0af-49a4-8193-c932912bc8b0,"Forest cover of Bandarban, Bangladesh for 2014"
a6640ad4-8489-4563-9bfc-e1f6d9ba3cec,"Precipitation of winter season of 2010 in Chitwan Annapurna Landscape (CHAL)"
4bdf590a-35fa-43cb-a826-d0334dd5f58e,"Temperature of coldest month of 2010 in Chitwan Annapurna Landscape (CHAL)"
486e9c18-d7a3-40e4-84b0-80a87c7c568a,"Precipitation of wettest month of 2010 in Chitwan Annapurna Landscape (CHAL)"
ab5f1f39-405d-4503-9d01-f2f449525dd7,"Precipitation of monsoon season of 2010 in Chitwan Annapurna Landscape (CHAL)"
5e49a2fe-dd8d-4944-a63c-976322fedfc6,"Precipitation of driest month of 2010 in Chitwan Annapurna Landscape (CHAL)"
3671c846-2772-4767-a2f9-19ead4d9aca5,"Temperature of monsoon season of 2010 in Chitwan Annapurna Landscape (CHAL)"
c43b5b1f-8c63-4157-a52a-10cc8494dec9,"Annual mean temperature of 2010 in Chitwan Annapurna Landscape (CHAL)"
7293eedd-ca79-456d-acbd-1b619c7ab210,"Precipitation of wettest month of 2050 in Chitwan Annapurna Landscape (CHAL)"
cd0f3ce5-f671-4ddb-b092-8997919ab783,"Precipitation of winter season of 2050 in Chitwan Annapurna Landscape (CHAL)"
800a843c-3284-418f-8dcc-1413627d74ac,"Temperature of coldest month of 2050 in Chitwan Annapurna Landscape (CHAL)"
e6fe0186-aedc-4faa-bd61-f55af7b28790,"Bioclimatic variables of 2010 in Chitwan Annapurna Landscape (CHAL)"
e026a798-09a3-457f-9d61-f1fda4e76885,"Annual mean precipitation of 2050 in Chitwan Annapurna Landscape (CHAL)"
11258f8d-acba-4761-864c-fef3884ce3d8,"Annual mean temperature of 2050 in Chitwan Annapurna Landscape (CHAL)"
ea4e2f8a-cd62-4b0f-98df-1f85bf882bc4,"Precipitation of driest month of 2050 in Chitwan Annapurna Landscape (CHAL)"
6d217dd3-c215-4dbb-9799-a2b59b5573b7,"Temperature of warmest month of 2010 in Chitwan Annapurna Landscape (CHAL)"
028efd69-4d18-4443-b1ec-b2ea5d0411e8,"Temperature of winter season of 2010 in Chitwan Annapurna Landscape (CHAL)"
97f49d6c-5358-4f23-adec-053dc0bbc4dc,"Temperature of monsoon season of 2050 in Chitwan Annapurna Landscape (CHAL)"
defd2a3a-f1ab-4f03-a6d3-afa8fb7b6e2a,"Temperature of summer season of 2050 in Chitwan Annapurna Landscape (CHAL)"
13535f99-d83e-4ca4-9745-2954b53be1a7,"Precipitation of monsoon season of 2050 in Chitwan Annapurna Landscape (CHAL)"
0c58b0c0-384c-4e70-b08b-2becd9c4f022,"Precipitation of summer season of 2010 in Chitwan Annapurna Landscape (CHAL)"
75d5b82e-5a0b-4fbd-9a7b-e845b0d88377,"Precipitation of summer season of 2050 in Chitwan Annapurna Landscape (CHAL)"
dc2c61f2-2e08-4fae-a09e-306a723a14c7,"Temperature of summer season of 2010 in Chitwan Annapurna Landscape (CHAL)"
79720a3a-127e-42e4-80e7-e941ef81d081,"Impacts of Net Primary Production(NPP) change on forest ecosystems in Chitwan Annapurna Landscape (CHAL)"
10cd819b-db3b-40eb-b50a-b5ea6f6a3168,"Impacts of species distribution on forest ecosystems in Chitwan Annapurna Landscape (CHAL)"
04410d4d-01b6-4204-9b0f-984f7eadd6c2,"Impacts of tree density on forest ecosystems in Chitwan Annapurna Landscape (CHAL)"
b97b17e8-db93-439f-8956-f3bd066b9d29,"Forest vulnerability of forest ecosystems in Chitwan Annapurna Landscape (CHAL)"
b2accb81-4c87-41df-bcd9-cdd01769a088,"Human dependence on forest ecosystems in Chitwan Annapurna Landscape (CHAL)"
f316508d-ec6c-4e47-9c9e-ccf0196f02a6,"Impacts of decadal summer season albedo on forest ecosystems in Chitwan Annapurna Landscape (CHAL)"
f7084569-6a25-4a45-9c0a-404d290f51aa,"Impacts of Leaf Area Index(LAI) change on forest ecosystems in Chitwan Annapurna Landscape (CHAL)"
3fb460b3-7710-4452-8d16-68a9e4d463f3,"Impacts of Land Surface Temperature(LST) change on forest ecosystems in Chitwan Annapurna Landscape (CHAL)"
ce6cb5a1-17f9-4b53-b3a8-1d7fa912081f,"Temperature of warmest month of 2050 in Chitwan Annapurna Landscape (CHAL)"
b965cf03-c7af-499f-81d1-bd22675b75ce,"Temperature of winter season of 2050 in Chitwan Annapurna Landscape (CHAL)"
9e2909cb-784e-4a52-a2fe-d46142674afc,"Bioclimatic variables of 2050 in Chitwan Annapurna Landscape (CHAL)"
c80d1b02-1eac-400f-b222-963dfe46c2c0,"Exposure sensitivity of forest ecosystems in Chitwan Annapurna Landscape (CHAL)"
8200e21d-b89b-4b96-93ea-c870d822433f,"Impacts of albedo change on forest ecosystems in Chitwan Annapurna Landscape (CHAL)"
04a97dd5-adf5-460b-bc89-762e3310b3a9,"Impacts of biomass on forest ecosystems in Chitwan Annapurna Landscape (CHAL)"
e2a1230b-8a46-4373-84d7-305851ff8a73,"Impacts of decadal rainy season albedo on forest ecosystems in Chitwan Annapurna Landscape (CHAL)"
47e48df5-353b-443a-a8ae-1f0b76a46e73,"Impacts of decadal winter season albedo on forest ecosystems in Chitwan Annapurna Landscape (CHAL)"
a8ef0e09-ed45-43bc-b86c-3fda05ecc319,"Impacts of albedo on forest ecosystems in Chitwan Annapurna Landscape (CHAL)"
1c07a666-2d09-4ff7-9653-1762a43b54c2,"Impacts of albedo on forest ecosystems in Chitwan Annapurna Landscape (CHAL)"
e8a89573-c206-4dbd-9db5-832467985bdf,"Impacts of Gross Primary Production(GPP) change on forest ecosystems in Chitwan Annapurna Landscape (CHAL)"
8f0d573f-2c6f-48db-b206-4a2496eb43a7,"Impacts of decadal summer season gross primary product on forest ecosystems in Chitwan Annapurna Landscape (CHAL)"
57158120-e441-471c-a44c-4955ca7d405c,"Impacts of decadal rainy season gross primary product on forest ecosystems in Chitwan Annapurna Landscape (CHAL)"
3d8eacf3-0f2a-469f-9b19-cfd00b3f9fe4,"Impacts of decadal winter season gross primary product on forest ecosystems in Chitwan Annapurna Landscape (CHAL)"
17e982f2-4dfd-4876-98cc-d15848255bbb,"Impacts of decadal winter season evapotranspiration on forest ecosystems in Chitwan Annapurna Landscape (CHAL)"
8c1f8ef5-23c9-4250-bab3-b6dd88646794,"Impacts of decadal winter season forest fire on forest ecosystems in Chitwan Annapurna Landscape (CHAL)"
cfb62d54-5098-479f-948f-13266226e1ee,"Impacts of decadal summer season evapotranspiration on forest ecosystems in Chitwan Annapurna Landscape (CHAL)"
c801e179-c32e-40a5-b2b2-3dd1a3696c3a,"Impacts of decadal rainy season evapotranspiration on forest ecosystems in Chitwan Annapurna Landscape (CHAL)"
1d3b46d9-f7a0-46c6-bfcc-c10528fbbe0a,"Impacts of gross primary product on forest ecosystems in Chitwan Annapurna Landscape (CHAL)"
82efa676-61d6-42db-8305-76bc189b8a54,"Impacts of decadal rainy season land surface temperature on forest ecosystems in Chitwan Annapurna Landscape (CHAL)"
100b3212-4887-48b7-a073-878c7502a4c3,"Impacts of decadal summer season forest fire on forest ecosystems in Chitwan Annapurna Landscape (CHAL)"
ce884915-95bd-47b9-ac7d-bf6ce0e74e59,"Impacts of decadal rainy season forest fire on forest ecosystems in Chitwan Annapurna Landscape (CHAL)"
bbba87b2-8e3a-4777-ac2c-e126dd13d6aa,"Impacts of evapotranspiration on forest ecosystems in Chitwan Annapurna Landscape (CHAL)"
5f91cb1d-5707-43f9-9f22-49e1263c30dd,"Impacts of evapotranspiration on forest ecosystems in Chitwan Annapurna Landscape (CHAL)"
46397713-06ae-4937-81a3-4cf401a8dcca,"Impacts of decadal summer season land surface temperature on forest ecosystems in Chitwan Annapurna Landscape (CHAL)"
65c3a5bd-ea27-41bd-8b64-3625d8b19d4e,"Impacts of gross primary product on forest ecosystems in Chitwan Annapurna Landscape (CHAL)"
40ec51d7-be87-4dd6-9d4c-5c9d01d88688,"Impacts of forest fire on forest ecosystems in Chitwan Annapurna Landscape (CHAL)"
e4c4c310-a939-4bb9-ab0b-b58a95911c49,"Forest cover of Bandarban, Bangladesh for 2013"
e5ccb065-d209-4984-8306-840e8ba81026,"Lease hold forest boundary of Kayerkhola watershed, Chitwan District, Nepal"
49539521-9087-43a3-81fa-09de1ac6d8d2,"Above ground biomass (AGB) data in Nepal"
7b1ccfaa-0271-471c-94dd-12bde57f6894,"Maximum Tree Canopy Height data of Nepal"
cf2e79e9-5244-46f5-a9e5-25a70dcc416c,"Above ground carbon stock data in Nepal"
3837475d-8b52-4308-bb0a-33e684cb6e1f,"Impacts of decadal rainy season Leaf Area Index on forest ecosystems in Chitwan Annapurna Landscape (CHAL)"
e4796416-d13f-44d7-bd4c-82b5f2e0a328,"Impacts of decadal winter season Leaf Area Index on forest ecosystems in Chitwan Annapurna Landscape (CHAL)"
6a8778f6-0679-47bb-bfcc-8709b2be5204,"Impacts of land surface temperature on forest ecosystems in Chitwan Annapurna Landscape (CHAL)"
be712aa8-7c8b-4e12-9adb-06945d4de75c,"Impacts of decadal summer season Leaf Area Index on forest ecosystems in Chitwan Annapurna Landscape (CHAL)"
a116b045-5ade-42a5-a69f-6bda0bfa71ad,"Impacts of decadal winter season land surface temperature on forest ecosystems in Chitwan Annapurna Landscape (CHAL)"
45b19e3f-bd34-4dee-9e91-b91da8b39cb6,"Impacts of mean land surface temperature on forest ecosystems in Chitwan Annapurna Landscape (CHAL)"
c9b236d7-f2df-48ee-83ee-f088455b39e2,"Impacts of Leaf Area Index on forest ecosystems in Chitwan Annapurna Landscape (CHAL)"
2399bd93-dd4b-44e4-827d-d24448842406,"Impacts of mean net primary product on forest ecosystems in Chitwan Annapurna Landscape (CHAL)"
f58868ea-8f5b-4d84-9771-cf07add4f1a8,"Impacts of net primary product on forest ecosystems in Chitwan Annapurna Landscape (CHAL)"
425c07bb-832d-497e-9138-dc8c1b50a6c0,"Impacts of mean Leaf Area Index on forest ecosystems in Chitwan Annapurna Landscape (CHAL)"
14285826-ddc8-45fb-a288-ca76243d3a8f,"Ranking for grazing suitability in Key grazing areas of Gilgit Baltistan."
a2702533-c5e6-4b6d-8411-c663d5243fc9,"Dip Slope - Hazard Mapping of Nepal's Gorkha Earthquake 2015 induced landslide Dams"
5aef98ad-1889-4bde-9b23-ba05ddde6c87,"Geological data of Nepal's Gorkha Earthquake 2015 affected area"
60c5e753-6c53-4184-845c-8a680feb46d7,"Internal Relief Map of Nepal's Gorkha Earthquake 2015 affected area"
92efe7eb-4704-4026-9f1b-9a88f79668d6,"Possible Damming Site - Hazard Mapping of Nepal's Gorkha Earthquake 2015 induced landslide dams"
c51ab7b1-228d-4776-9384-184b6e0d3686,"Anti Dip Slope - Hazard Mapping of Nepal's Gorkha Earthquake 2015 induced landslide Dams"
2fde278f-a406-411c-91aa-6094dd81efe5,"Dip Normal Slope - Hazard Mapping of Nepal's Gorkha Earthquake 2015 induced landslide Dams"
21abc7ae-bfcd-4822-a301-6f500cf64c7d,"Bioclimate data of the upper Indus basin"
62bf50c7-22fb-4c98-9646-e3458208350c,"Grazing routes in the key grazing areas of Gilgit - Baltistan"
5619ab6b-1979-4055-a5ae-45f2ba57c4a7,"Start of Season (SoS) of grasslands in upper Indus basin"
37d15b12-72c5-4802-aa4c-27fcfd260b88,"Climate change sensitivity of forest ecosystems in Chitwan Annapurna Landscape (CHAL)"
58842a51-d24e-4037-aa09-dbc279c8adc4,"Season Integrated NDVI (productivity) of grasslands in upper Indus basin"
512d5e00-65be-4727-836e-f10f38f802ec,"Dependence of local communities for grazing on forest ecosystems in Chitwan Annapurna Landscape (CHAL)"
23686841-882f-4317-8d07-7c01226a99ca,"Active Fire Incidents in Bhutan"
3efb4b5f-6925-4e88-8cd8-373ed895a8fd,"Land Cover of Myanmar 2010"
7f505f87-e01d-41cc-9624-5bdca9de46de,"Land Cover of Greater Chittagong, Bangladesh 1989"
47c1b330-6ee6-41cf-ba3f-9ad3ad72e290,"Attitude of Geological Structural data of Nepal's Gorkha Earthquake 2015 affected area"
af76b2d4-b4fe-4792-99ff-8429cc798c96,"Land Cover of Pakistan 2010"
fbc7ade9-f6e7-49c2-b99d-e7840ed88dcf,"Land Cover of Pakistan 2000"
abfc1092-71b2-4b51-a144-ad4aff527a2e,"Land Cover of Pakistan 1990"
c0583180-8952-4aff-a750-83bfe036fc50,"Land Cover of Greater Chittagong, Bangladesh 2010"
91d6e67d-6d3f-4e26-afd4-5962e2310e58,"Land Cover of Greater Chittagong, Bangladesh 2000"
d75daed2-5e99-4041-895a-6f2031494caf,"Open space of Rapti Watershed"
8d0b0079-a46e-4c02-aad0-6c7ddb752ef6,"Dependence of local communities for NTFP on forest ecosystems in Chitwan Annapurna Landscape (CHAL)"
bc62fccd-af0f-448f-9367-397575c8e6ac,"Drought Frequency in Nepal during Spring season."
b9b00802-c939-44a9-8866-7402ddd7d4a0,"Crop sown area for Rice crop"
a7ebcea2-78b2-4e89-ac82-9d5409b88011,"Digital elevation model (DEM) of East Rapti River (buffer)"
74009a5f-946e-4fb5-9e48-9689d2fda0d4,"Houses point data representing individual houses within East Rapti Watershed"
48a06dd9-e2c6-4722-a9ae-af2fc590a031,"Land cover data of East Rapti Watershed"
f2cd0106-8d63-49e1-899d-5244cb92f2ac,"Climate change exposure of forest ecosystems in Chitwan Annapurna Landscape (CHAL)"
b0df8300-7b65-4844-8959-62c8b9ae3309,"Basal Area data of 2012 for Kayerkhola watershed, Chitwan District, Nepal"
4ecf3d06-4b32-489e-b34f-c02653207107,"Climate change adaptive capacity of forest ecosystems in Chitwan Annapurna Landscape (CHAL)"
1b4f293a-c131-415f-8e39-a58d2e8bae23,"Nepal's Gorkha Earthquake 2015 induced landslide data of Bahrabise, Sindhupalchok"
fb4bc5ed-0b03-475b-b412-5c68bc1b83bf,"Factor of Safety ( wet condition at 3m depth) of Nepal's Gorkha Earthquake 2015 induced landslide hazard mapping data of Bahrabise, Sindhupalchok"
04045cb5-f9ef-41ef-91b5-753f9a36449b,"Factor of Safety ( dry condition at 5m depth) of Nepal's Gorkha Earthquake 2015 induced landslide hazard mapping data of Bahrabise, Sindhupalchok"
2c1dade1-841e-42bb-9eaa-63fc15949b38,"Factor of Safety (dry condition at 3m depth) of Nepal's Gorkha Earthquake 2015 induced landslide hazard mapping data of Bahrabise, Sindhupalchok"
465969d4-bab0-42a7-87b3-152c23b5c43c,"Climate change vulnerability of forest ecosystems in Chitwan Annapurna Landscape (CHAL)"
1f165719-12cc-4f65-8f40-5b27428ce02f,"Factor of Safety (dry condition at 2m depth) of Nepal's Gorkha Earthquake 2015 induced landslide hazard mapping data of Bahrabise, Sindhupalchok"
8b3a6898-1645-44a3-9a21-0e55c5ddd0ab,"Land cover of Nepal 2000"
18f125af-85d5-411a-8fb5-a4736be00da1,"Glaciers of Bhutan 1980"
f82ab431-c774-4cee-bbc9-1ddfc2b2c674,"Glaciers of Bhutan 1990"
276e5dfe-42a3-4ad6-a08d-bbf982c8311c,"Land Cover of Bhutan 1990"
ba1e2feb-bf9f-4ee7-b8b9-3606d32d88ce,"Land Cover of Bhutan 2000"
72efcd70-6b95-474d-ac1f-4a48199989be,"Glaciers of Bhutan 2010"
5d0f429e-5639-47e6-afc8-1c4acf9cf690,"Landuse of Kathmandu Metropolitian City"
eee4715e-dcf6-45a6-a99d-f2d26f14c837,"MODIS Active Fire Data of Hindu Kush Himalayan (HKH) Region"
ebf29dec-5b33-4ed0-8189-8d0acf963557,"Relief of Sagarmatha National Park (SNP) Nepal"
0b5ec573-0c49-40dc-8f74-fc1186e09ecc,"Road Network of Wangchu, Bhutan"
1869ded3-9f19-4d56-b8ca-6f5c869ee2be,"Glaciers of Bhutan 2000"
b082a8bb-124d-4c09-b980-e30e729ff304,"NASA Earth Exchange Global Daily Downscaled Projections(NEX-GDDP) of 21 model for RCP 4.5 and 8.5, from 1950 to 2100 (including reference data 1950-2005), resolution of 0.25 degrees x 0.25 degrees (approximately 25 km x 25 km)"
d14414d0-a356-4843-8bbb-ebcbb6630017,"Land cover of Nepal 2010"
be85f96a-3b55-4241-ae2c-4aa1326c0f44,"Land Cover of Bhutan 2010"
22ca7e9a-35d7-408c-9838-e0c8b9e5a3e8,"Glaciers in Sagarmatha National Park (SNP) Nepal"
ac6ad620-ee88-4e70-9e04-ba778f30003d,"Disaster Events in Nepal"
cec6fce4-8df6-43e1-b527-62a6212ce4b7,"Geomorphic and Geologic Controls of Geohazards Induced by Nepal’s 2015 Gorkha Earthquake"
6a31e6e5-b1e4-4ed9-a245-d5507e380217,"Glacial Lake Status after Gorkha Earthquake"
