Identifier,Title
d1e6b9cc-6754-11e5-acc5-00155da3c410,"Madagascar - Onibe River Sedimentation"
d931fe46-de9a-11e4-b6bb-00155da3c410,"Botswana National Boundary A"
fbbcabe0-e33c-11e4-a34f-00155da3c410,"Zambia Admin Boundaries Level II"
349afdbe-df90-11e4-a3a1-00155da3c410,"Rwanda Rivers"
a1d595b8-e28f-11e4-a677-00155da3c410,"South Sudan & Sudan Rivers"
989c9a7e-6ad2-11e6-a8b8-00155da3c410," East Africa Mar - Nov Maize Water R.S Index 1991"
aacb0148-6acf-11e6-a50a-00155da3c410,"East Africa Mar - Nov Maize Water R.S Index 1990"
3a8d8d3c-26f7-11e5-af68-00155da3c410,"Namibia GHG Project Implementation Guide"
9d23f77e-628e-11e5-87c6-00155da3c410,"Malawi National Exposure Index"
b5fb4cad-ceb4-423c-b0c5-efa9d266b77a,"Rwanda Land Cover 2010 Scheme II"
9208fb50-c907-11e7-96fb-00155da3c410,"Kenya Crop Land Change Map 2000 - 2015"
84075436-e1a9-11e4-b822-00155da3c410,"South Sudan Admin Boundaries level I"
1e908867-dd7f-460c-ba04-8f3e65f019ca,"Tanzania Land Cover 2000 Scheme I"
a16d3994-e059-4084-aba5-da68b0e07d85,"Namibia Land Cover 2010 Scheme I"
0ff74372-674f-11e5-8089-00155da3c410,"Kenya - Lamu Mangrove Degradation"
f617981a-c29b-11e4-b0c2-00155da3c410,"Botswana Land Cover 2000 Scheme II"
884f3d04-7407-4c64-86d5-17ddefc44cd9,"Rwanda Land Cover 2000 Scheme II"
948ba82c-375b-11e5-9abb-00155da3c410,"Biodiversity Kenya Wetlands Report"
b6001b6a-df8a-11e4-a719-00155da3c410,"Namibia Populated Places Points"
a0e414b6-e558-4750-beef-2f834b756bbb,"Rwanda Land Cover 1990 Scheme I"
f0d2b9d0-df5a-11e4-b143-00155da3c410,"Kenya Roads"
7a99fc06-b3fd-49ce-97eb-4c2eb73d6679,"Zambia Land Cover 2010 Scheme I"
28f0df04-df88-11e4-85fd-00155da3c410,"Mozambique Populated Places"
47fcb4a6-deaf-11e4-8405-00155da3c410,"Comoros Roads"
09ee0524-675e-11e5-8226-00155da3c410,"Tanzania - Rufiji Delta Sedimentation"
118f8600-6820-11e5-bedc-00155da3c410,"Rwanda Population Density 2005"
25d653a6-3755-11e5-b3df-00155da3c410,"Biodiversity Workshop Report November 2011"
67b70d3a-03a5-11e5-8007-00155da3c410,"Kenya Kericho Tea Area"
d61b40de-675a-11e5-9037-00155da3c410,"Mozambique - Matola Fresh Water Contaminated Site"
8033f15c-df8d-11e4-a719-00155da3c410,"Namibia Rivers"
d3d4a54c-df59-11e4-9ae2-00155da3c410,"Lesotho Admin Boundaries level I"
75cb0fd2-612b-11e5-9a54-00155da3c410,"Lake Victoria Basin Boundary"
e073bd8c-2594-11e7-9e14-00155da3c410,"Rwanda Land Cover 2015 Field Work Report"
21cdf858-e742-11e4-b07e-00155da3c410,"Tanzania Admin Level I"
5f4be4b2-df66-11e4-8cce-00155da3c410,"Kenya Populated Places"
653eb492-65b4-11e5-a427-00155da3c410,"Malawi National Literacy Levels"
1df65236-6ad4-11e6-aa2e-00155da3c410,"East Africa Mar - Nov Maize Water R.S Index 2008"
374ae9b2-681a-11e5-8627-00155da3c410,"Rwanda Sebeya 2.4m Flood Depth"
06685c7c-de94-11e4-b8c1-00155da3c410,"Burundi Water Lines"
3f7d6418-61ec-11e5-a7d7-00155da3c410,"Lake Victoria Macrophytes 21_03_2014"
d85feff2-6ad3-11e6-b1ab-00155da3c410,"East Africa Mar - Nov Maize Water R.S Index 2005"
74e783ea-ddf3-11e4-83c6-00155da3c410,"Botswana Major Roads"
189ea402-deba-11e4-b8c1-00155da3c410,"Comoros Wells"
0c1ae3ea-df86-11e4-aea8-00155da3c410,"Namibia Admin Boundaries Level I"
b344d98e-e2a9-11e4-b774-00155da3c410,"Uganda Admin Boundaries Level IV"
10216ac4-6a9d-11e6-8f5b-00155da3c410,"East  Africa Mar - Nov Maize Water R.S Index 1982"
d41a34bc-6812-11e5-bf4e-00155da3c410,"Rwanda Nyabisindu Flood Depth"
4fb91828-e33d-11e4-9629-00155da3c410,"Zambia Towns"
80bc0b24-de9c-11e4-ac89-00155da3c410,"Burundi Admin Boundaries Level IV"
89ae411c-7205-11e7-bc82-00155da3c410,"Namibia Land Cover 2000 Scheme I (re-uploaded)"
73853456-e74f-11e4-89c3-00155da3c410,"Nzoia Basin Flood Map 3.4m Depth"
a68030f2-e29c-11e4-9131-00155da3c410,"Swaziland Admin Boundaries Level 0"
49de8294-6768-11e5-9e19-00155da3c410,"Tanzania Seagrass"
ef2a3a6c-6ad3-11e6-97ca-00155da3c410,"East Africa Mar - Nov Maize Water R.S Index 2006"
1d16b322-e1a2-11e4-845a-00155da3c410,"Seychelles Roads"
34aaee7c-675d-11e5-9011-00155da3c410,"Tanzania - Kunduchi Dar es Salaam Sedimentation"
ce76f292-65b6-11e5-92f2-00155da3c410,"Malawi National Population Density"
d6465a8c-6753-11e5-8089-00155da3c410,"Madagascar - Mahavelo Deforestation"
d134aa38-2961-11e5-8430-00155da3c410,"Tanzania GHG Project Implemetation Guide"
d0e0a69a-e2a3-11e4-b451-00155da3c410,"Tanzania Rivers"
b758ab40-cac3-11e7-91f7-00155da3c410,"Malawi Sentinel2 Land Use Land Cover 2016"
76fc2180-df7a-11e4-b03b-00155da3c410,"Lesotho Populated Places"
88febb94-ea75-11e4-80bd-00155da3c410,"Africa Reef Base Marine Protected Areas"
54cbe546-dead-11e4-ac72-00155da3c410,"Djibout Admin Boundaries Level I"
9d5139f0-dea9-11e4-bee5-00155da3c410,"Comoros Admin Boundaries Level 0"
70099250-ecad-11e4-b2c0-00155da3c410,"Africa Dams"
e910944a-6751-11e5-90f5-00155da3c410,"Madagascar - Ampatsinakoho Sedimentation"
3cea23e0-6768-11e5-9d87-00155da3c410,"Kenya Seagrass"
e3821066-df4e-11e4-bdd8-00155da3c410,"Ethiopia Populated Places"
993b0d18-ecc4-11e4-a8e4-00155da3c410,"Horn of Africa Contours"
140f0f3e-6755-11e5-ba5d-00155da3c410,"Madagascar - River Manombo Sedimentation Site"
c8b522a8-e4c3-11e4-8152-00155da3c410,"Lesotho SRTM 30 Meters"
89a1b5b2-df83-11e4-b759-00155da3c410,"Mozambique Administrative Boundaries Level I"
b620a770-e806-11e4-9947-00155da3c410,"East Africa Amphibians Occurrence Points"
d700d7de-df88-11e4-8405-00155da3c410,"Malawi Major Towns"
4cab64be-2704-11e5-b60f-00155da3c410,"Africa Topo Moisture Potential"
f22c741a-e4e6-11e4-97f4-00155da3c410,"Zambia SRTM 30 Meters"
da9f1d9e-61cc-11e5-b8ab-00155da3c410,"Eastern Africa Coast Degradation Hotspots"
74a78f8c-e344-11e4-a677-00155da3c410,"Zimbabwe Roads"
3d5c944e-65b4-11e5-8763-00155da3c410,"Malawi National Health Infrastracture Index"
66826af0-e752-11e4-8451-00155da3c410,"Nzoia Basin Flood Map 5m Depth"
664ed616-df5c-11e4-9690-00155da3c410,"Lesotho Admin Boundaries Level III"
b51aa6b8-df51-11e4-9061-00155da3c410,"Ethiopia Main Rivers"
2133c2d1-1e26-4978-adf9-78f641a5dc0f,"Malawi Land Cover 1990 Scheme I"
452fd83c-6750-11e5-a250-00155da3c410,"Kenya - Nguu Tatu Shale Mining Degradation"
91f8fee4-6752-11e5-be32-00155da3c410,"Madagascar - Andranodambo Sapphire Mining Degradation"
3eeda784-e752-11e4-8fcf-00155da3c410,"Nzoia Basin Flood Map 4.6m Depth"
b7600ddc-e4ce-11e4-8989-00155da3c410,"Mozambique SRTM 30 Meters"
dd863edc-2bc8-11e5-beeb-00155da3c410,"Mozambique Mangrove Cover"
94bc6a02-6820-11e5-9d28-00155da3c410,"Rwanda Population Count 2015"
37c0d1a4-6045-11e5-ae00-00155da3c410,"Lake Victoria Basin Land Cover 1990"
89cabc46-65b6-11e5-b996-00155da3c410,"Malawi National Building Material"
af699116-dec0-11e4-add0-00155da3c410,"Ethiopia Admin Boundaries level II"
61735cdc-e738-11e4-8588-00155da3c410,"South Sudan Admin Boundaries Level III"
b0fc4fe4-1552-11e7-8146-00155da3c410,"Kenya Crop Lands 2015 (polygons)"
2a0b7bb0-e339-11e4-9131-00155da3c410,"Uganda Water Lines"
ac164daa-1926-11e6-922d-00155da3c410,"Africa Croplands"
3b1d5cea-7205-11e7-8caf-00155da3c410,"Namibia Land Cover 2010 Scheme II (re-uploaded)"
8ffc7cba-ddd2-11e4-9c06-00155da3c410,"Ethiopia Land Cover 2003 Scheme I"
3f13e6cc-e803-11e4-8452-00155da3c410,"	Africa Terrestial Ecosystem"
932882d4-89db-11e5-9c15-00155da3c410,"Somalia SRTM 30 Meters"
52f92efa-de93-11e4-b327-00155da3c410,"Botswana Rivers"
362f48e4-df84-11e4-9143-00155da3c410,"mozambique_administrative_boundaries_level_2"
d4bfcf2c-df7c-11e4-8898-00155da3c410,"Malawi Admin Boundaries Level I"
6901ce72-e290-11e4-a677-00155da3c410,"Sudan Settlements"
27ae56da-6ad3-11e6-aa2e-00155da3c410,"East Africa Mar - Nov Maize Water R.S Index 1997"
c131da92-2596-11e7-8912-00155da3c410,"Rwanda 2015 Land Cover Accuracy Assessment Report"
59caa4cf-5c6a-42f0-9623-1209889e2989,"Rwanda Land Cover 2010 Scheme I"
e2777a80-cac4-11e7-a65b-00155da3c410,"Tanzania Sentinel2 Land Use Land Cover 2016"
3f4ef23a-ea4c-11e4-89c3-00155da3c410,"Africa Agroecological Zones"
9fac0b0c-df45-11e4-a358-00155da3c410,"Ethiopia Admin Boundaries level IV"
fdfe305c-62a0-11e5-98e7-00155da3c410,"Malawi Hazards and Vulnerability Atlas"
677951bd-362a-46a9-b1df-bf6d82f2af3b,"Malawi Land Cover 2000 Scheme I"
c15c5a4a-df54-11e4-8898-00155da3c410,"Kenya County Boundaries"
2fbb6646-61cf-11e5-a6e1-00155da3c410,"Mapping of Coastal Erosion/Degradation Hotspots in Kenya, Tanzania, Mozambique and Madagascar Report"
5ddb7f7e-675c-11e5-b506-00155da3c410,"Mozambique - Rovuma River Sedimentation"
c2eab694-57fd-11e7-857b-00155da3c410,"Rwanda Land Cover 2010 Scheme I"
66a11e3a-6819-11e5-97bf-00155da3c410,"Rwanda Sebeya 1.5m Flood Depth"
e9e69fb6-eca6-11e4-b358-00155da3c410,"Africa Health Poverty Index"
df02d96c-e296-11e4-abdd-00155da3c410,"Sudan Main Towns Point"
dcdbe5f6-df81-11e4-9b49-00155da3c410,"Mozambique Administrative Boundaries Level 0"
eab49d66-2b9f-11e5-9a82-00155da3c410,"Lesotho Land Cover 2014 Scheme II"
1c1d2808-df8a-11e4-9906-00155da3c410,"Mozambique Rivers and Streams"
f5b2c11e-df7f-11e4-b0e3-00155da3c410,"Mauritius Roads"
0b4cc534-df09-4034-ad72-147bb313cc18,"Zambia Land Cover 2000 Scheme II"
d6e8d258-df81-11e4-ac89-00155da3c410,"Malawi Settlement"
de7995ec-2b9f-11e5-8430-00155da3c410,"Lesotho Land Cover 2014 Scheme I"
ba5eee5e-e343-11e4-8152-00155da3c410,"Zimbabwe Admin Boundaries Level O"
bb892184-debe-11e4-9690-00155da3c410,"Ethiopia Admin Boundaries level I"
7f98faa0-674e-11e5-8313-00155da3c410,"Kenya  - Gongoni-Malindi Fresh Water Contaminated Site"
c769f66e-26de-11e5-8d58-00155da3c410,"Botswana Accuracy Assessment Report"
bea32d4a-292f-11e5-9879-00155da3c410,"Malawi Accuracy Assessment Report"
23c0431c-61ec-11e5-8abf-00155da3c410,"Lake Victoria Macrophytes 13_09_2014"
3c6685de-6ad3-11e6-a6b2-00155da3c410,"East Africa Mar - Nov Maize Water R.S Index 1998"
8926ede6-675a-11e5-8627-00155da3c410,"Mozambique - Libambai Fresh Water Contaminated Site"
01dd474e-df7f-11e4-b03b-00155da3c410,"Malawi Admin Boundaries Level IV"
b3984464-de87-11e4-b03b-00155da3c410,"Botswana Settlements"
8da1a64e-dead-11e4-ac89-00155da3c410,"Comoros Political Boundary"
20783e52-deb7-11e4-ad11-00155da3c410,"Djibout Populated Places"
623c9ff2-cac5-11e7-bf47-00155da3c410,"Uganda Sentinel2 Land Use Land Cover 2016"
f0bbb7d9-30de-467f-9d3b-024de1e7db42,"Namibia Land Cover 2000 Scheme II"
d4e5efb4-628e-11e5-af26-00155da3c410,"Malawi National Temperature Trend"
fe600d5c-6acb-11e6-bcaa-00155da3c410,"East Africa Mar - Nov Maize Water R.S Index 1983"
44e4edd2-e33d-11e4-a0e5-00155da3c410,"Zambia Populated Places"
89780f44-0a87-11e5-940f-00155da3c410,"Uganda Land Cover 2000 Scheme I"
b39ad588-deb1-11e4-9a5a-00155da3c410,"Djibout Towns"
7f9da93e-628e-11e5-a4bb-00155da3c410,"Malawi National Coefficient of Variation of Precipitation"
1e4064be-65b4-11e5-b520-00155da3c410,"Malawi National Anthropogenic Biomes"
e735e77e-df43-11e4-9906-00155da3c410,"Ethiopia Admin Boundaries level III"
5d3c3240-26e1-11e5-b254-00155da3c410,"Botswana GHG Project Implementation Guide"
95c4936e-0e39-11e7-9d95-00155da3c410,"Rwanda Land Cover 2015 Scheme I"
e41f9f56-675d-11e5-9446-00155da3c410,"Tanzania - Pande Forest Degradation"
a9ba906e-6037-11e5-9151-00155da3c410,"Ethiopia Admin Boundary Level 0 - Updated"
ba7c2b82-e806-11e4-9d9d-00155da3c410,"East Africa Birds Occurrence Points"
f2d04896-df7e-11e4-9c94-00155da3c410,"Mauritius Admin I"
3ed4dbf6-ea5d-11e4-89a6-00155da3c410,"Africa's World Database on Protected Areas"
e72ff542-df8b-11e4-ac89-00155da3c410,"Namibia Settlement"
99fb2720-26f7-11e5-8f5a-00155da3c410,"Namibia Workshop Report"
c9ea4294-df90-11e4-b327-00155da3c410,"Rwanda Major Towns"
bbdd8fd6-675c-11e5-a7a6-00155da3c410,"Tanzania  - Jozani Forest Degradation"
300c26a8-de80-11e4-8405-00155da3c410,"Burundi Admin Boundaries Level II"
ab7e0f3a-628e-11e5-a82f-00155da3c410,"Malawi National Forest Fires"
c360fe86-ecb0-11e4-a1fc-00155da3c410,"Africa Water Bodies"
467e30c2-57fd-11e7-b5e6-00155da3c410,"Rwanda Land Cover 2000 Scheme I"
70f39cca-df64-11e4-b3d2-00155da3c410,"Kenya Other Towns Africover"
9fee7834-deaf-11e4-8ee8-00155da3c410,"Djibout Admin Boundaries level III"
59a87ba4-e1a2-11e4-9201-00155da3c410,"Somalia Admin Boundaries Level 0"
f909f93a-6045-11e5-b451-00155da3c410,"Lake Victoria Basin Land Cover 2010"
b4dccf8c-e4dd-11e4-a3d0-00155da3c410,"Swaziland SRTM 30 Meters"
a0da5f76-675b-11e5-90f5-00155da3c410,"Mozambique - Quiterajo Deforestation"
fd1c40d8-df7a-11e4-8bf0-00155da3c410,"Comoros Settlements"
361b42cc-6ad4-11e6-9f35-00155da3c410,"East Africa Mar - Nov Maize Water R.S Index 2009"
a5211f82-6037-11e5-a7d7-00155da3c410,"Ethiopia Admin Boundary Level 1 - Updated"
b616a04e-65b6-11e5-815e-00155da3c410,"Malawi National Malaria Susceptibility"
6ae0d75e-6820-11e5-9935-00155da3c410,"Rwanda Population Count 2005"
b44f3bdc-674f-11e5-9d28-00155da3c410,"Kenya Marereni-Malindi Fresh Water Contaminated Site"
a7ce88d6-df50-11e4-a876-00155da3c410,"Ethiopia Major Settlements"
eb8e13e2-65b6-11e5-835d-00155da3c410,"Malawi National Sensitivity Index"
7c6935ee-e1a6-11e4-9201-00155da3c410,"Somalia Roads"
6c33028e-2924-11e5-b6e8-00155da3c410,"Uganda  Accuracy Assessment Report"
b2fd740e-6ad4-11e6-a92e-00155da3c410,"East Africa Mar - Nov Maize Water R.S Index 2014"
fca7131a-e751-11e4-9aa6-00155da3c410,"Nzoia Basin Flood Map 3.9m Depth"
a92b5cfa-e2a1-11e4-ac5f-00155da3c410,"Tanzania Roads"
af76cfbc-6ad2-11e6-a6b2-00155da3c410,"East Africa Mar - Nov Maize Water R.S Index 1992"
89393a20-e27e-11e4-894f-00155da3c410,"Southern Sudan Rivers"
81901844-df8f-11e4-b03b-00155da3c410,"Rwanda Roads"
c852d842-df4f-11e4-a589-00155da3c410,"Kenya Admin Boundary Level 0"
5a1025aa-0514-4945-b921-eedeec1911a0,"Namibia Land Cover 2010 Scheme II"
0c59d760-6ad3-11e6-9ff6-00155da3c410,"East Africa Mar - Nov Maize Water R.S Index 1996"
09bc27ce-61ec-11e5-87c6-00155da3c410,"Lake Victoria Macrophytes 09_29_2014"
3694d792-e338-11e4-97f4-00155da3c410,"Uganda Roads"
9009b310-e33d-11e4-9d95-00155da3c410,"Zambia Roads"
7d3ee4dc-dea9-11e4-bdd8-00155da3c410,"Burundi Admin Boundaries Level IV"
ccd3a48a-6c63-11e6-843b-00155da3c410,"africa_from_UNGIWIG2"
3135c61a-2596-11e7-a412-00155da3c410,"Rwanda Land Cover Mapping 2015 Inception Report"
a29c5d92-6750-11e5-a432-00155da3c410,"Kenya - Shimba Hills Forest Degradation"
e141de76-1a45-11e5-beaa-00155da3c410,"Uganda Land Cover Maps"
85684c44-e2a9-11e4-a0e5-00155da3c410,"Uganda Admin Boundaries Level II"
ebcc5356-61eb-11e5-9ed8-00155da3c410,"Lake Victoria Macrophytes 01_02_2015"
580f9566-65b4-11e5-b907-00155da3c410,"Malawi National Lack of Adaptive Capacity Index"
c61307ec-deb8-11e4-b143-00155da3c410,"Djibout Roads"
b5718dfc-0e39-11e7-8e53-00155da3c410,"Rwanda Land Cover 2015 Scheme II"
fd2ae294-df86-11e4-8cce-00155da3c410,"Namibia Admin Boundaries Level II"
7ea42ce4-df51-11e4-85fd-00155da3c410,"Kenya Admin Boundaries Level I"
ba24af44-ddd2-11e4-b0ac-00155da3c410,"Ethiopia Land Cover 2008 Scheme II"
92368730-26fe-11e5-ad21-00155da3c410,"Rwanda Accuracy Assessment Report"
71ee8f97-4ffa-4b3e-b63a-210641850a97,"Rwanda Land Cover 1990 Scheme II"
a791e98e-65b6-11e5-8146-00155da3c410,"Malawi National Infant Mortality Rate"
4aecc0c0-65b4-11e5-b573-00155da3c410,"Malawi National Irrigated Areas"
4f721a68-e752-11e4-b07e-00155da3c410,"Nzoia Basin Flood Map 4.7m Depth"
7db8ca1a-6ad3-11e6-8252-00155da3c410,"East Africa Mar - Nov Maize Water R.S Index 2001"
4bf3615c-0ede-11e7-a1de-00155da3c410,"Rwanda Land Cover Maps (plus 2015)"
bcbd4d36-df87-11e4-9ae2-00155da3c410,"Namibia Admin Boundaries Level III"
33dcb02c-65ad-11e5-8b5b-00155da3c410,"Malawi National Vulnerability Index"
43b871fe-e36a-11e4-a677-00155da3c410,"Zambia Land Cover Maps"
8a4ce442-e743-11e4-ae02-00155da3c410,"Tanzania Admin Boundary Level II"
c1e91caa-c2cb-11e4-8b7f-00155da3c410,"Botswana Land Cover 2010 Scheme I"
bfb620a8-e806-11e4-8e1e-00155da3c410,"East Africa Fish Occurrence Points"
7c5937b8-0f55-4dfa-b5c2-3cfe702d630f,"Rwanda Land Cover 2000 Scheme I"
e8574d16-674f-11e5-9cc6-00155da3c410,"Kenya - Ngomeni-Malindi Fresh Water Contaminated Site"
dcdc9446-26fe-11e5-86ae-00155da3c410,"Rwanda GHG Project Implemetation Guide"
671efacc-debb-11e4-81ce-00155da3c410,"Djibout Drainage Lines"
7b14da24-26ff-11e5-84b3-00155da3c410,"Rwanda Workshop Report"
47f363b0-c908-11e7-b697-00155da3c410,"Kenya Maize Land Change Map 2000 - 2015"
c70d7cfc-6c67-11e6-9964-00155da3c410,"Eastern Africa FEWSNET Region of Interest"
9daefe41-cc2e-4608-ba5a-ff4661715c70,"Tanzania Land Cover 2010 Scheme I"
27bc660c-6756-11e5-a250-00155da3c410,"Kenya Open Water Body Map"
222d1618-6b8f-4bfe-92d1-d8adb65fc943,"Tanzania Land Cover 2010 Scheme II"
3e47b99c-6046-11e5-9951-00155da3c410,"Lake Victoria Basin Land Cover 2014"
b43a91c8-de97-11e4-a358-00155da3c410,"Burundi Admin Boundaries level 0"
06ad6b6c-e1a7-11e4-a708-00155da3c410,"South Africa Admin Boundaries level II"
f7c5ea8e-675c-11e5-9e2a-00155da3c410,"Tanzania - Kunduchi Dar es Salaam Fresh Water Contaminated Site"
fb777db6-e343-11e4-b774-00155da3c410,"Zimbabwe Populated Places"
7612484a-e2a8-11e4-985c-00155da3c410,"Uganda Admin Boundaries Level O"
1cf24c9c-6755-11e5-9011-00155da3c410,"Madagascar - River Manombo Sedimentation Sites"
45eafdc8-e434-11e4-a34f-00155da3c410,"Burundi SRTM 30 Meters"
e693f4fe-6036-11e5-85a0-00155da3c410,"Ethiopia Admin Boundary Level 0 - Updated"
09144922-675b-11e5-9011-00155da3c410,"Mozambique - Memba Sedimentation"
c24ec86a-e806-11e4-8fa8-00155da3c410,"East Africa Plants Occurrence Points"
dc9f8aba-6ad2-11e6-9730-00155da3c410,"East Africa Mar - Nov Maize Water R.S Index 1994"
14213062-df8b-11e4-8cce-00155da3c410,"Rwanda Admin Boundary Level 0"
1059b130-675c-11e5-8313-00155da3c410,"Mozambique - Rovuma Estuary Deforestation"
e9e036ca-ea59-11e4-9b90-00155da3c410,"Africa Irrigation Statistics"
c232d75a-57fc-11e7-91de-00155da3c410,"Rwanda Land Cover 1990 Scheme II"
c4cef452-e806-11e4-b07e-00155da3c410,"East Africa Reptiles Occurrence Points"
a4609c44-df5e-11e4-a358-00155da3c410,"Lesotho Major Towns"
317bacb8-e29d-11e4-8346-00155da3c410,"Swaziland  Rivers"
2e5672f6-2925-11e5-9434-00155da3c410,"Uganda Workshop Report"
39ea5d86-2703-11e5-b254-00155da3c410,"Africa Surface Lithology"
9e26cf66-7204-11e7-ad19-00155da3c410,"Namibia Land Cover 2010 Scheme I (re-uploaded)"
aaf8241c-3758-11e5-b3ce-00155da3c410,"Biodiversity East Africa Plants Report "
5771eff4-debf-11e4-9ae2-00155da3c410,"Eritrea Administrative Boundaries Level II"
c41d69de-cb58-11e7-92e0-00155da3c410,"Africa Sentinel Land Cover Map 2016"
a9fee1c0-0a87-11e5-83ff-00155da3c410,"Uganda Land Cover 2000 Scheme II"
40e64ec2-b76d-4aee-ac3e-a17582b52274,"Zambia Land Cover 2010 Scheme II"
b85850c4-df7d-11e4-8405-00155da3c410,"Malawi Admin Boundaries Level II"
09640244-df86-11e4-922b-00155da3c410,"Mozambique Cities"
9e3f8b32-ddd2-11e4-a95c-00155da3c410,"Ethiopia Land Cover 2003 Scheme II"
25206128-ddcc-11e4-b0ac-00155da3c410,"Botswana SRTM 30meters"
cc3fda24-6819-11e5-9926-00155da3c410,"Rwanda Sebeya 2.0m Flood Depth"
c7938592-628e-11e5-8d23-00155da3c410,"Malawi National Riverine Flood"
93dcaafc-2923-11e5-8ef2-00155da3c410,"Tanzania Workshop Report"
aec613b2-2932-11e5-aaab-00155da3c410,"Ethiopia Workshop Report"
fae3c63e-65b6-11e5-815e-00155da3c410,"Malawi National Soil Organic Carbon"
7e5b0bba-e297-11e4-87e4-00155da3c410,"Sudan Populated Places"
fd47ce28-6dea-11e7-9b06-00155da3c410,"Kenya Crop Lands 2000 (polygons)"
d678f868-675b-11e5-bd91-00155da3c410,"Mozambique - Quiterajo Sedimentation"
e2a1152e-674e-11e5-96c4-00155da3c410,"Kenya - Kipini-TanaRiver Sedimentation"
3eff0238-2922-11e5-901c-00155da3c410,"Zambia Workshop Report"
c176252c-6ad3-11e6-8f5b-00155da3c410,"East Africa Mar - Nov Maize Water R.S Index 2004"
3bd84a4a-ea77-11e4-9106-00155da3c410,"Africa Reef Base Monitoring Sites "
90c2d40e-675d-11e5-8313-00155da3c410,"Tanzania - Mkadini RuvuRiver Sedimentation"
34ed80fa-e80c-11e4-af58-00155da3c410,"Africa Isobioclimates"
8362e9d6-2700-11e5-915c-00155da3c410,"Africa Land Surface Forms"
39cc15f2-62a3-11e5-86da-00155da3c410,"Rwanda Modis Fire 2002_2012"
9e61653a-6037-11e5-9c1f-00155da3c410,"Ethiopia Admin Boundary Level 3 - Updated"
96564a6a-6acf-11e6-a92e-00155da3c410,"East Africa Mar - Nov Maize Water R.S Index 1989"
5fe4e6b4-ea4f-11e4-8588-00155da3c410,"Africa Farming Systems"
4343fc32-ddcc-11e4-a95c-00155da3c410,"Africa National Boundary"
86368c96-e3fb-11e4-b1ad-00155da3c410,"Swaziland Populated Places"
a36a9ac5-5076-4fba-b198-98de2e1ec05f,"Namibia Land Cover 2000 Scheme I"
81415858-2413-4188-bddf-34243bf72f58,"Zambia Land Cover 2000 Scheme I"
85825604-df5a-11e4-ac89-00155da3c410,"Lesotho Admin Boundaries Level II"
1cde02c8-93f5-43a3-9676-45cd38760495,"Kenya Crop Lands 2015 (raster)"
8e3f307e-86ac-11e5-aafe-00155da3c410,"Mozambique Seagrass"
9cb14c84-26f6-11e5-9f4b-00155da3c410,"Namibia Accuracy Assessment Report"
e44784fc-57fd-11e7-b3e8-00155da3c410,"Rwanda Land Cover 2010 Scheme II"
27006940-57fd-11e7-903e-00155da3c410,"Rwanda Land Cover 2000 Scheme II"
c61626c8-2b9f-11e5-9a82-00155da3c410,"Lesotho Land Cover 2000 Scheme I"
14b86f36-e283-11e4-a0bf-00155da3c410,"South Sudan Towns"
e64ba152-e1a3-11e4-a677-00155da3c410,"Seychelles Populated Places"
b186bf80-6045-11e5-8de5-00155da3c410,"Lake Victoria Basin Land Cover 2000"
7fd41be4-e1a7-11e4-abdd-00155da3c410,"South Africa Admin Boundaries level III"
6a07baca-e367-11e4-b1ad-00155da3c410,"Namibia Land Cover Maps"
3a758490-df8e-11e4-9a5a-00155da3c410,"Rwanda Admin Level 3"
67ab2362-6ad3-11e6-adbb-00155da3c410,"East Africa Mar - Nov Maize Water R.S Index 2000"
a88691b0-e2a2-11e4-8894-00155da3c410,"Tanzania Admin Boundaries Level O"
de3bbab8-2921-11e5-9190-00155da3c410,"Zambia GHG Project Implemetation Guide"
2920bf0e-e33d-11e4-9629-00155da3c410,"Zambia Rivers"
42600d42-e76d-11e4-97aa-00155da3c410,"Africa Topo Moisture Potential"
ad2ace08-ddf1-11e4-b03b-00155da3c410,"Botswana Land Cover Maps"
d6d84496-dded-11e4-a6f0-00155da3c410,"Botswana Admin Boundary Level  II"
212539a4-e1a0-11e4-b774-00155da3c410,"Rwanda Land Cover Maps"
47ccd470-df45-11e4-875b-00155da3c410,"Eritrea Roads"
ca4842e0-c2cb-11e4-8a83-00155da3c410,"Botswana Land Cover 2010 Scheme II"
dcd62dd0-65b6-11e5-839a-00155da3c410,"Malawi National Poverty Levels"
9f14316a-57fc-11e7-8b31-00155da3c410,"Rwanda Land Cover 1990 Scheme I"
6d27ad0e-6045-11e5-a11b-00155da3c410,"Lake Victoria Basin Land Cover 1995"
6be0dcfa-2596-11e7-9573-00155da3c410,"Report on Internal Capacity Assessment for Rwanda Natural Resources Authority (RNRA)"
aa73a994-6ad3-11e6-bade-00155da3c410,"East Africa Mar - Nov Maize Water R.S Index 2003"
b1d86c0c-2924-11e5-af6c-00155da3c410,"Uganda GHG Project Implementation Guide"
a0cb19e4-ea65-11e4-8292-00155da3c410,"Africa Coral Reef Base Bleaching Occurence"
ebf69768-6acf-11e6-b9d8-00155da3c410,"East Africa Mar - Nov Maize Water R.S Index 1986"
b0a3cefe-e369-11e4-8152-00155da3c410,"Tanzania Land Cover Maps"
02e32af4-6045-11e5-b451-00155da3c410,"Lake Victoria Basin Land Cover 1985"
9921dd5e-6ad4-11e6-a5ae-00155da3c410,"East Africa Mar - Nov Maize Water R.S Index 2013"
d5f2ee9a-2bc8-11e5-b959-00155da3c410,"Madagascar Mangrove Cover"
0ee59f06-e33d-11e4-aad7-00155da3c410,"Zambia Settlements"
48a589ca-de9e-11e4-b327-00155da3c410,"Burundi Admin Boundaries Level III"
082cf132-2924-11e5-8ef2-00155da3c410,"Malawi Workshop Report"
2f4661ba-14eb-11e5-899e-00155da3c410,"Uganda North Eastern Wells"
84e3d036-e33a-11e4-9629-00155da3c410,"Uganda Towns"
08def3e0-e28f-11e4-8644-00155da3c410,"South Sudan & Sudan Roads"
cb2484e6-df84-11e4-b8c1-00155da3c410,"Malawi Land Cover Maps"
d31567a8-2b9f-11e5-8e13-00155da3c410,"Lesotho Land Cover 2000 Scheme II"
0a0b7bac-e76d-11e4-b1b8-00155da3c410,"Africa Land Surface Forms"
b9bed39e-e43b-11e4-97dc-00155da3c410,"Comoros SRTM 30 Meters"
60c2bb98-675d-11e5-90f5-00155da3c410,"Tanzania - Lindi Bay Sedimentation"
802107b0-6820-11e5-8226-00155da3c410,"Rwanda Population Count 2010"
46c6cf80-df55-11e4-8260-00155da3c410,"Ethiopia Land Cover Maps"
fa1f8e20-2922-11e5-a28a-00155da3c410,"Tanzania Accuracy Assessment Report"
2c390ddc-65b4-11e5-805d-00155da3c410,"Malawi National Education Level of Mother"
38eb733a-6820-11e5-908c-00155da3c410,"Rwanda Population Density 2015"
309394ee-e344-11e4-894f-00155da3c410,"Zimbabwe Rivers"
cd01a726-6ad4-11e6-9730-00155da3c410,"East Africa Mar - Nov Maize Water R.S Index 2015"
8d1b0190-df8c-11e4-a3a1-00155da3c410,"Rwanda Admin Boundaries Level I"
d5362fa8-c29b-11e4-85fa-00155da3c410,"Botswana Land Cover 2000 Scheme I"
3745fc40-e741-11e4-b635-00155da3c410,"Uganda SRTM 30 Meters"
c131d074-6acf-11e6-bcaa-00155da3c410,"East Africa Mar - Nov Maize Water R.S Index 1984"
e2e86fc2-62ba-4220-a88e-16591a5de1a5,"Africa Surface Lithology"
e0b409a0-df4b-11e4-9690-00155da3c410,"Ethiopia Roads"
51d91936-6ad3-11e6-bca3-00155da3c410,"East Africa Mar - Nov Maize Water R.S Index 1999"
f9feca18-e733-11e4-af58-00155da3c410,"Tanzania Admin Boundaries Level III"
166cdac4-e4f4-11e4-8989-00155da3c410,"Zimbabwe SRTM 30 Meters"
3a66a978-deb4-11e4-8898-00155da3c410,"Comoros Populated Places"
1870bcc4-674d-11e5-9d87-00155da3c410,"Kenya - Arabuko Sokoke Forest Degradation"
8fc33766-628e-11e5-9a54-00155da3c410,"Malawi National Drought Physical Exposure"
c0d5df32-e27f-11e4-bbf1-00155da3c410,"Southern Sudan Transport Network"
f36d87b4-6750-11e5-b192-00155da3c410,"Kenya - Takaungu Sedimentation Site"
34987aae-deae-11e4-8260-00155da3c410,"Comoros Small Offshore Islands"
f94f8a7c-674d-11e5-91bb-00155da3c410,"Kenya - Fundi Isa-Malindi Fresh Water Contaminated Site"
8f7ca0f6-e441-11e4-8644-00155da3c410,"Kenya SRTM 30 Meters"
051a4702-236e-47c6-a74d-c3822a4faa76,"Malawi Land Cover 2010 Scheme II"
f96d2a16-292f-11e5-b9e6-00155da3c410,"Malawi GHG Project Implementation Guide"
aad81fb2-ddd2-11e4-837c-00155da3c410,"Ethiopia Land Cover 2008 Scheme I"
9a9ea2f0-6753-11e5-96c4-00155da3c410,"Madagascar - Kobakara Deforestation"
401e28f4-675e-11e5-bd91-00155da3c410,"Tanzania - Saadani Fresh Water Contaminated Site"
1df018ae-de98-11e4-a903-00155da3c410,"Botswana District Boundary"
17724892-6ad0-11e6-9730-00155da3c410,"East Africa Mar - Nov Maize Water R.S Index 1988"
c226dd46-99c7-11e5-9afc-00155da3c410,"Seagrass & Mangrove Map"
52a65eae-675b-11e5-a7a6-00155da3c410,"Mozambique - Nazimoja Fresh Water Contaminated Site"
4701b286-6753-11e5-9037-00155da3c410,"Madagascar - Ifotaka Deforestation"
6573d88c-df79-11e4-b143-00155da3c410,"Eritrea Settlements"
cbfdb350-caab-11e7-a1ac-00155da3c410,"Kenya Sentinel2 Land Use Land Cover 2016"
241f1af4-df7e-11e4-a358-00155da3c410,"Mauritius Admin Boundary Level 0"
f4b0569a-6752-11e5-9926-00155da3c410,"Madagascar - Helodrano Mahajambe Sedimentation"
1d146a5a-61c1-11e5-8125-00155da3c410,"Lake Victoria Basin Land Cover"
608d87be-df7e-11e4-8850-00155da3c410,"Malawi Admin Boundaries Level III"
38572354-675a-11e5-a432-00155da3c410,"Mozambique -Joannise Maputo Bay Deforestation"
be6dcf72-e287-11e4-9d95-00155da3c410,"South Sudan Admin Boundaries level IV"
7d81bf04-2932-11e5-a3eb-00155da3c410,"Ethiopia GHG Project Implemetation Guide"
b7f05d34-df91-11e4-9a5a-00155da3c410,"Rwanda Populated Places"
b1d58d28-2930-11e5-a2f4-00155da3c410,"Ethiopia Accuracy Assessment Report"
d94d7314-e4db-11e4-bdbc-00155da3c410,"South Sudan SRTM 30 Meters"
44b7e97a-e4d4-11e4-93aa-00155da3c410,"Rwanda SRTM 30 Meters"
2f645680-e1a5-11e4-9131-00155da3c410,"South Africa Admin Boundaries level I"
7b64e50e-e286-11e4-8389-00155da3c410,"South Sudan Admin Boundaries level II"
f91ea016-3754-11e5-a1b9-00155da3c410,"East Africa Biodiversity Map"
4c883ed8-2701-11e5-b3cd-00155da3c410,"Africa IsoBioClimates"
6b539f40-e1a3-11e4-a708-00155da3c410,"Somalia Admin Boundaries Level I"
4dc2b20c-6ad4-11e6-a8b8-00155da3c410,"East Africa Mar - Nov Maize Water R.S Index 2010"
fb024768-6759-11e5-a8bd-00155da3c410,"Mozambique - Ibo Deforestation"
eb37ed46-2bc8-11e5-9a93-00155da3c410,"Kenya Mangrove Cover"
46d8d5da-de89-11e4-b143-00155da3c410,"Burundi Major Roads"
03ea7636-df7c-11e4-9a5a-00155da3c410,"Lesotho Rivers"
625ef7a0-7205-11e7-ae7c-00155da3c410,"Namibia Land Cover 2000 Scheme II (re-uploaded)"
4061ec58-6c65-11e6-bb38-00155da3c410,"East Africa Mar-Nov Water Requirement Satisfaction Index 1982-2015"
7242905c-2921-11e5-a3eb-00155da3c410,"Zambia Accuracy  Assessment Report"
8774e800-6754-11e5-9e19-00155da3c410,"Madagascar - Nosy Be Island Deforestation"
d6f4b314-c946-11e7-92e0-00155da3c410,"Kenya NRT Invasive Species Points"
802d9978-6ad4-11e6-8592-00155da3c410,"East Africa Mar - Nov Maize Water R.S Index 2012"
b6dac11c-df5c-11e4-ac72-00155da3c410,"Kenya Major Rivers"
97003a38-675c-11e5-80da-00155da3c410,"Tanzania  - Bagamoyo Fresh Water Contaminated Site"
50c930b0-0a87-11e5-99a9-00155da3c410,"Uganda Land Cover 2014 Scheme II"
25a5f444-6820-11e5-acc5-00155da3c410,"Rwanda Population Density 2010"
730712fe-65b4-11e5-8146-00155da3c410,"Malawi National Market Accessibility Time"
c4b91666-6752-11e5-acc5-00155da3c410,"Madagascar - Batsiboka River and Estuary Sedimentation"
fa648c16-df88-11e4-a876-00155da3c410,"Mozambique Roads"
3d0b640e-e33a-11e4-97dc-00155da3c410,"Uganda Populated Places"
33864baa-df80-11e4-9a5a-00155da3c410,"Malawi Major Roads"
25b33e38-e4d1-11e4-8389-00155da3c410,"Namibia SRTM 30 Meters"
f383d300-3755-11e5-8077-00155da3c410,"Biodiversity Project Report December 2010"
8fc7ce16-e4df-11e4-ac5f-00155da3c410,"Tanzania SRTM 30 Meters"
81606a26-deb4-11e4-9906-00155da3c410,"Djibout Settlements"
d6255456-6acf-11e6-97ca-00155da3c410,"East Africa Mar - Nov Maize Water R.S Index 1985"
79601a50-ea72-11e4-9aa6-00155da3c410,"Africa Reef Base ICRAN Sites"
89845a9c-77ba-11e5-8511-00155da3c410,"Lake Victoria Macrophytes 01_03_2015"
c154daba-0a86-11e5-9913-00155da3c410,"Uganda Land Cover 2014 Scheme I"
f28d531a-df4c-11e4-9976-00155da3c410,"Ethiopia Major Cities"
41930dcc-ea67-11e4-80bd-00155da3c410,"Africa Reef Base Coral Disease"
93d9329e-6ad3-11e6-ae9c-00155da3c410,"East Africa Mar - Nov Maize Water R.S Index 2002"
01d5bbcc-6ad0-11e6-9ff6-00155da3c410,"East Africa Mar - Nov Maize Water R.S Index 1987"
fd34e2c6-de8c-11e4-8898-00155da3c410,"Burundi Populated Places"
b314874c-df5d-11e4-9699-00155da3c410,"Lesotho Roads"
e8653f8a-e33c-11e4-8989-00155da3c410,"Zambia Admin Boundaries Level I"
cdf4a674-df89-11e4-b143-00155da3c410,"Namibia Major Towns"
fcacd5aa-debb-11e4-80d9-00155da3c410,"Eritrea Admin Boundary Level 0"
d0e0f3f0-debd-11e4-a903-00155da3c410,"Eritrea Administrative Boundaries Level I"
78759e3c-1dcd-45fd-95b4-6ee0087dc220,"Tanzania Land Cover 2000 Scheme II"
af3989f4-6812-11e5-bca5-00155da3c410,"Rwanda Kanzeze Nyabarongo Flood Depth"
dea402aa-0289-4589-b89e-0d71a480d71b,"Malawi Land Cover 1990 Scheme II"
b7cf1e9a-675d-11e5-8226-00155da3c410,"Tanzania - Msimbazi River Deforestation"
5956044c-25a1-11e7-9e14-00155da3c410,"Rwanda Technical Training on Land Cover Mapping 2015"
990aa6ac-e2a9-11e4-bdbc-00155da3c410,"Uganda Admin Boundaries Level III"
b8e01b0a-628e-11e5-8561-00155da3c410,"Malawi National Precipitation Trend"
66bd56b8-6ad4-11e6-9f35-00155da3c410,"East Africa Mar - Nov Maize Water R.S Index 2011"
13120d41-938a-4dd1-9709-c99d00b258b7,"Malawi Land Cover 2010 Scheme I"
98d4bd2c-65b6-11e5-92b1-00155da3c410,"Malawi National Female Headed Household"
cf9fec5a-e343-11e4-93aa-00155da3c410,"Zimbabwe Admin Boundaries Level I"
62c9d992-df8d-11e4-8850-00155da3c410,"Rwanda Admin Boundaries Level II"
a12bea20-df53-11e4-bcd9-00155da3c410,"Kenya Admin Boundary Level II"
c6baf234-6ad2-11e6-8a93-00155da3c410,"East Africa Mar - Nov Maize Water R.S Index 1993"
f42ddd12-6ad2-11e6-ae48-00155da3c410,"East Africa Mar - Nov Maize Water R.S Index 1995"
e7b71e2a-cac3-11e7-8975-00155da3c410,"Rwanda Sentinel2 Land Use Land Cover 2016"
d070afd6-375b-11e5-9595-00155da3c410,"Biodiversity East Africa Vertebrates Report"
febcd38a-df48-11e4-9a5a-00155da3c410,"Eritrea Drainage Lines"
a3a7c324-e281-11e4-8346-00155da3c410,"South Sudan Settlement"
20a61582-df81-11e4-a358-00155da3c410,"Malawi Populated Places"
d8d8bdda-e33c-11e4-b451-00155da3c410,"Zambia Admin Boundaries Level O"
b997f7ce-f0ca-4e9a-8928-c72d616b0863,"Malawi Land Cover 2000 Scheme II"
9dcd76e6-df80-11e4-a719-00155da3c410,"Mauritius Water Areas"
a672ef84-df84-11e4-bee5-00155da3c410,"Mozambique Administrative Boundaries Level III"
9c40bf34-6812-11e5-8313-00155da3c410,"Rwanda Kagitumba Flood Depth"
6c22798a-e2a9-11e4-9131-00155da3c410,"Uganda Admin Boundaries Level I"
c1e926d6-6812-11e5-aa64-00155da3c410,"Rwanda Ngaru Mkungwa Flood Depth"
807caac8-26dc-11e5-90ba-00155da3c410,"Botswana Workshop Report"
4866a8f0-df83-11e4-b327-00155da3c410,"Malawi Rivers"
24f5fcd2-e752-11e4-8fa8-00155da3c410,"Nzoia Basin Flood Map 4.2m Depth"
b0eefe2e-86ac-11e5-9148-00155da3c410,"Madagascar Seagrass"
b3ce27cc-df8c-11e4-bee5-00155da3c410,"Namibia Roads"
7f84b3c4-e4cc-11e4-acd7-00155da3c410,"Mauritius SRTM 30 Meters"
2ae3f3d2-e1a4-11e4-97dc-00155da3c410,"Somalia Admin Boundaries Level II"
c94eb284-e4d6-11e4-a218-00155da3c410,"Seychelles SRTM 30 Meters"
41520616-deae-11e4-9b49-00155da3c410,"Djibout Admin Boundaries Level II"
8f36c08e-e1a0-11e4-9d92-00155da3c410,"Seychelles Admin Boundaries Level I"
224baf24-681a-11e5-8b6a-00155da3c410,"Rwanda Sebeya 4.0m Flood Depth"
061032d6-6ad4-11e6-a6b2-00155da3c410,"East Africa Mar - Nov Maize Water R.S Index 2007"
fb20f9cc-6774-11e5-be32-00155da3c410,"Rwanda MODIS Burnt Sum 2000 - 2012"
e4278494-2bc8-11e5-a535-00155da3c410,"Tanzania Mangrove Cover"
4aebb240-e4ca-11e4-845a-00155da3c410,"Malawi SRTM 30 Meters"
0c5685d4-e29d-11e4-9a27-00155da3c410,"Swaziland Roads"
ad532e18-e4d9-11e4-9d92-00155da3c410,"South Africa SRTM 30 Meters"
c58713f8-e29c-11e4-845a-00155da3c410,"Swaziland Admin Boundaries level I"
