ID,URL,Protocol,Name,Description
b02e2d31-e747-473e-9428-59e903752ec4,http://www.servir.net/biodiversidad/images/CCSI_2020.jpg,"download link","WWW:LINK-1.0-http--link","jpeg image for download"
b02e2d31-e747-473e-9428-59e903752ec4,http://evcc-panama.mcgill.ca,"web site","WWW:LINK-1.0-http--link","project web site"
b113ed0c-3ef4-4c7d-8000-d23a628c5d92,http://www.servirglobal.net/Portals/0/Documents/Articles/Anaglyphs/panama_anaglyph.jpg,"download link","WWW:LINK-1.0-http--link","jpeg image for download"
b18a4eef-606e-40fb-a256-ce81a0d75ffb,http://maps.cathalac.org/downloads/data/temp/Atitlan/gt_at_19931127.zip,"download link","WWW:LINK-1.0-http--link","zip archive with data for download"
b23aab7b-2413-42b9-b21a-b8aee008edac,http://www.servir.net/images/desastres/2010-11-19_lluvia_COL/PN_CO_Rainfall_2010-11-21.jpg,"download link","WWW:LINK-1.0-http--link","jpeg image for download"
b29f812d-55f0-43a5-9c60-53135070ffbd,http://www.servir.net/images/desastres/2009-11-11_inund_SV/SanVicente_RioAcahuapa_SV20091111.jpg,"download link","WWW:LINK-1.0-http--link","jpeg image for download"
b3d5ba3d-f58c-4b54-8e85-7e2b8e86b697,http://www.servir.net/images/stories/analisisambiental/mes2_severidad_cambios_pp_2011_2.jpg,"Índice de Severidad de Cambios de Precipitacion, Año 2011, en Centroamérica, Haiti y República Dominicana","WWW:LINK-1.0-http--link","jpeg image for download"
b445a751-55b9-4793-b41e-51e5b4881f6b,http://maps.cathalac.org/downloads/data/temp/inund_sv_oct_2011/achiotal_oct_2011.jpg,"download link","WWW:LINK-1.0-http--link","jpeg image for download"
b448ab1f-6aa2-41c0-ae78-133c05cc1ba2,http://horn.rcmrd.org/data/geonode:DJI_Food_Insecurity,"","WWW:LINK-1.0-http--link","Online link to the 'AFRICA DJIBOUTI Food Insecurity Phase (East Africa Drought 2011) FEWSNET [2011]' description on GeoNode"
b448ab1f-6aa2-41c0-ae78-133c05cc1ba2,http://localhost:8080/geonetwork/srv/en/resources.get?uuid=b448ab1f-6aa2-41c0-ae78-133c05cc1ba2&fname=DJI_Food_Insecurity.zip&access=private,"","WWW:DOWNLOAD-1.0-http--download","AFRICA DJIBOUTI Food Insecurity Phase (East Africa Drought 2011) FEWSNET [2011] (Zipped Shapefile Format)"
b448ab1f-6aa2-41c0-ae78-133c05cc1ba2,http://localhost:8080/geonetwork/srv/en/resources.get?uuid=b448ab1f-6aa2-41c0-ae78-133c05cc1ba2&fname=DJI_Food_Insecurity.gml&access=private,"","WWW:DOWNLOAD-1.0-http--download","AFRICA DJIBOUTI Food Insecurity Phase (East Africa Drought 2011) FEWSNET [2011] (GML 2.0 Format)"
b448ab1f-6aa2-41c0-ae78-133c05cc1ba2,http://localhost:8080/geonetwork/srv/en/resources.get?uuid=b448ab1f-6aa2-41c0-ae78-133c05cc1ba2&fname=DJI_Food_Insecurity.gml&access=private,"","WWW:DOWNLOAD-1.0-http--download","AFRICA DJIBOUTI Food Insecurity Phase (East Africa Drought 2011) FEWSNET [2011] (GML 3.1.1 Format)"
b448ab1f-6aa2-41c0-ae78-133c05cc1ba2,http://localhost:8080/geonetwork/srv/en/resources.get?uuid=b448ab1f-6aa2-41c0-ae78-133c05cc1ba2&fname=DJI_Food_Insecurity.csv&access=private,"","WWW:DOWNLOAD-1.0-http--download","AFRICA DJIBOUTI Food Insecurity Phase (East Africa Drought 2011) FEWSNET [2011] (CSV Format)"
b448ab1f-6aa2-41c0-ae78-133c05cc1ba2,http://localhost:8080/geonetwork/srv/en/resources.get?uuid=b448ab1f-6aa2-41c0-ae78-133c05cc1ba2&fname=DJI_Food_Insecurity.excel&access=private,"","WWW:DOWNLOAD-1.0-http--download","AFRICA DJIBOUTI Food Insecurity Phase (East Africa Drought 2011) FEWSNET [2011] (Excel Format)"
b448ab1f-6aa2-41c0-ae78-133c05cc1ba2,http://localhost:8080/geonetwork/srv/en/resources.get?uuid=b448ab1f-6aa2-41c0-ae78-133c05cc1ba2&fname=DJI_Food_Insecurity.json&access=private,"","WWW:DOWNLOAD-1.0-http--download","AFRICA DJIBOUTI Food Insecurity Phase (East Africa Drought 2011) FEWSNET [2011] (GeoJSON Format)"
b448ab1f-6aa2-41c0-ae78-133c05cc1ba2,http://localhost:8080/geonetwork/srv/en/resources.get?uuid=b448ab1f-6aa2-41c0-ae78-133c05cc1ba2&fname=DJI_Food_Insecurity.jpg&access=private,"","WWW:DOWNLOAD-1.0-http--download","AFRICA DJIBOUTI Food Insecurity Phase (East Africa Drought 2011) FEWSNET [2011] (JPEG Format)"
b448ab1f-6aa2-41c0-ae78-133c05cc1ba2,http://localhost:8080/geonetwork/srv/en/resources.get?uuid=b448ab1f-6aa2-41c0-ae78-133c05cc1ba2&fname=DJI_Food_Insecurity.pdf&access=private,"","WWW:DOWNLOAD-1.0-http--download","AFRICA DJIBOUTI Food Insecurity Phase (East Africa Drought 2011) FEWSNET [2011] (PDF Format)"
b448ab1f-6aa2-41c0-ae78-133c05cc1ba2,http://localhost:8080/geonetwork/srv/en/resources.get?uuid=b448ab1f-6aa2-41c0-ae78-133c05cc1ba2&fname=DJI_Food_Insecurity.png&access=private,"","WWW:DOWNLOAD-1.0-http--download","AFRICA DJIBOUTI Food Insecurity Phase (East Africa Drought 2011) FEWSNET [2011] (PNG Format)"
b448ab1f-6aa2-41c0-ae78-133c05cc1ba2,http://localhost:8080/geonetwork/srv/en/resources.get?uuid=b448ab1f-6aa2-41c0-ae78-133c05cc1ba2&fname=DJI_Food_Insecurity.KML&access=private,"","WWW:DOWNLOAD-1.0-http--download","AFRICA DJIBOUTI Food Insecurity Phase (East Africa Drought 2011) FEWSNET [2011] (KML Format)"
b448ab1f-6aa2-41c0-ae78-133c05cc1ba2,http://localhost:8080/geonetwork/srv/en/resources.get?uuid=b448ab1f-6aa2-41c0-ae78-133c05cc1ba2&fname=DJI_Food_Insecurity.KML&access=private,"","WWW:DOWNLOAD-1.0-http--download","AFRICA DJIBOUTI Food Insecurity Phase (East Africa Drought 2011) FEWSNET [2011] (View in Google Earth Format)"
b46cdd7b-f473-48bd-b5fc-a9ee255a01fb,http://www.servir.net/images/desastres/2010-05-17_LagoIzabal_GT/gt_lago_Izabal_17-05-2010_low.jpg,"download link","WWW:LINK-1.0-http--link","jpeg image for download"
b46cdd7b-f473-48bd-b5fc-a9ee255a01fb,http://www.servir.net/images/desastres/2010-05-17_LagoIzabal_GT/gt_lago_Izabal_17-05-2010__.jpg,"download link","WWW:LINK-1.0-http--link","jpeg image for download"
b4c22cee-fcbc-4fe6-84b3-51bd46bf2369,http://www.servir.net/images/desastres/2010-09-30_TT_Nicole_JA/sediment_plumes_ja_201010.jpg,"download link","WWW:LINK-1.0-http--link","jpeg image for download"
b4de6772-c59e-44bf-84bd-250f5ff76d24,http://www.servir.net/images/stories/analisisambiental/n_spct_sv_rio_lempa9_wc.gif,"download link","WWW:LINK-1.0-http--link","gif image for download"
b4eaecfb-aee3-4712-aa77-ee53148aa79d,http://www.servir.net/cc_biod/ecosystems_cathalac.zip,"download link","WWW:LINK-1.0-http--link","zip archive with data for download"
b795555c-0285-48b3-b3d0-3be96833a7ba,http://www.servir.net/images/stories/analisisambiental/temperatura2.jpg,"download link","WWW:LINK-1.0-http--link","jpeg image for download"
b8771353-9731-4bda-81b9-2fd35030e0f4,http://www.servir.net/images/desastres/2010-09-06_lluvia_gt/gt_chimal_correct_images.jpg,"download link","WWW:LINK-1.0-http--link","jpeg image for download"
b91f1961-f76f-4869-a1dc-0adead96cd66,http://www.servir.net/images/desastres/2010-01-21_Turrialba_CR/world_files/ALI_015_053_2005170_543_zoom.jpg,"download link","WWW:LINK-1.0-http--link","jpeg image for download"
b91f1961-f76f-4869-a1dc-0adead96cd66,http://www.servir.net/images/desastres/2010-01-21_Turrialba_CR/world_files/ALI_015_053_2005170_543_zoom.jgw,"download link","WWW:LINK-1.0-http--link","Esri worldfile for download"
b9cc9713-6ed4-4678-9b90-1ee72cf9ce0d,http://maps.cathalac.org/downloads/data/temp/Atitlan/gt_at_19921210.zip,"download link","WWW:LINK-1.0-http--link","zip archive with data for download"
ba5865a0-40bd-4be4-91cf-1000bdfab565,http://www.servir.net/images/desastres/2010-03-18_LagunaTigre_GT/landsat/LM30210481979037AAA03.zip,"download link","WWW:LINK-1.0-http--link","zip archive with imagery for download"
bbfb2437-0088-4add-aee3-213ccb1f51ae,http://www.servir.net/images/desastres/2010-01-21_Turrialba_CR/world_files/ALI_015_053_2010021_985_zoom.jpg,"download link","WWW:LINK-1.0-http--link","jpeg image for download"
bbfb2437-0088-4add-aee3-213ccb1f51ae,http://www.servir.net/images/desastres/2010-01-21_Turrialba_CR/world_files/ALI_015_053_2010021_985_zoom.jgw,"download link","WWW:LINK-1.0-http--link","Esri worldfile for download"
be56f80f-cf22-445a-aa71-fc1d516a0c48,http://www.servir.net/images/stories/chile_terremoto/9_39_dia27_2010_sismos_2010_chile_01.jpg,"download link","WWW:LINK-1.0-http--link","jpeg image for download"
bf632de9-522c-41c9-97b8-e2a09c42d21d,http://www.servir.net/images/stories/analisisambiental/rd_agosto2011_2_5.gif,"download link","WWW:LINK-1.0-http--link","gif image for download"
bf632de9-522c-41c9-97b8-e2a09c42d21d,http://www.ssd.noaa.gov/goes/east/carb/flash-rb.html,"interactive viewer","WWW:LINK-1.0-http--link","interactive viewer"
bf6de3c2-3a60-4abb-8ccf-6479e7a9da37,http://www.servirglobal.net/Portals/0/Documents/Articles/Anaglyphs/belize_anaglyph.jpg,"download link","WWW:LINK-1.0-http--link","jpeg image for download"
bfe43315-d617-45d1-bb7a-752dd27f6302,http://www.servir.net/images/stories/analisisambiental/rd_escorrentia_animacion_3.gif,"download link","WWW:LINK-1.0-http--link","gif image for download"
c1046c83-94fe-43c4-a448-c2855787d7ab,http://www.servir.net/images/desastres/2010-09-30_TT_Nicole_JA/flood_bullbay_ja_201010.jpg,"download link","WWW:LINK-1.0-http--link","jpeg image for download"
c1682bce-7c22-437f-8a1c-09be8e263d34,http://www.servir.net/images/stories/analisisambiental/gt_lago_batimet3.jpg,"download link","WWW:LINK-1.0-http--link","jpeg image for download"
c16c5718-a1a8-4254-9621-20054ddc44bd,http://www.servirglobal.net/mesoamerica/LakeAtitlan/SanPedro.aspx,"interactive viewer","WWW:LINK-1.0-http--link","interactive viewer"
c1ebe556-eeec-49e7-a974-4ff01b5c5f5d,http://www.servir.net/images/desastres/2009-11-11_inund_SV/FORMOSAT2-SanVicente.jpg,"download link","WWW:LINK-1.0-http--link","jpeg image for download"
c2119516-7dff-486d-862d-8b5a81e2c42c,http://www.servir.net/images/stories/analisisambiental/gt_sv_inunda_20111017_jutiapa_3.jpg,"download link","WWW:LINK-1.0-http--link","jpeg image for download"
c2119516-7dff-486d-862d-8b5a81e2c42c,http://maps.cathalac.org/downloads/data/temp/inundaciones_gt_sv_oct_2011/gt_jutiapa_areas_inund_2011-10-17.kmz,"download link","WWW:LINK-1.0-http--link","Google Earth file for download"
c33af9c5-b0e0-4f5c-9f37-1c6122c86a89,http://www.servir.net/images/stories/analisisambiental/cam_anomalias_201110_1-8.jpg,"download link","WWW:LINK-1.0-http--link","jpeg image for download"
c3bff740-302d-4a65-86f9-79866d0cf794,http://www.servir.net/images/desastres/2010-05-30_Agatha_GT/area3_formosat_alta_resolucion.jpg,"download link","WWW:LINK-1.0-http--link","jpeg image for download"
c55abc8b-53e2-49cb-bc70-28b9c2fcabe6,http://maps.cathalac.org/downloads/data/temp/Atitlan/gt_at_19940303.zip,"download link","WWW:LINK-1.0-http--link","zip archive with data for download"
c5e53609-e6f7-4456-ac77-9edfa5046d15,http://www.servir.net/images/desastres/2010-09-30_Inund_Xolotlan_NI/cuenca_riosanjuan_xolotlan_prec_20100930.jpg,"download link","WWW:LINK-1.0-http--link","jpeg image for download"
c684bc98-a690-4d87-bca9-f30f431c01d8,http://maps.cathalac.org/downloads/data/temp/Atitlan/gt_at_20000115.zip,"download link","WWW:LINK-1.0-http--link","zip archive with data for download"
c85ca129-d58b-4f65-b434-4a7a6a211685,http://www.servir.net/images/desastres/2010-09-30_Inund_Xolotlan_NI/l5_managua_199800512n_1998613s.zip,"download link","WWW:LINK-1.0-http--link","zip archive with imagery for download"
c86a67d9-6164-4c09-b0d6-d6439537f5da,http://www.servir.net/images/desastres/2010-09-28_TT_Matthew_SV/inund_rio_lempa_20101002.jpg,"download link","WWW:LINK-1.0-http--link","jpeg image for download"
c874c42a-53a4-4642-b187-e467beda0411,http://www.servir.net/images/desastres/2010-09-28_TT_Matthew_SV/sv_precipitacion_sept2010.jpg,"download link","WWW:LINK-1.0-http--link","jpeg image for download"
c900f12d-be38-4387-bd5d-290e8607d42c,http://maps.cathalac.org/downloads/data/temp/Atitlan/gt_at_19950322.zip,"download link","WWW:LINK-1.0-http--link","zip archive with data for download"
ca614a6a-a609-43de-bc51-ccec886c4fe2,http://horn.rcmrd.org/data/geonode:HYD_InlandWater_L_VM0_07,"","WWW:LINK-1.0-http--link","Online link to the 'AFRICA EAST Inland Water Lines VMAP0 [2007]' description on GeoNode"
ca614a6a-a609-43de-bc51-ccec886c4fe2,http://localhost:8080/geonetwork/srv/en/resources.get?uuid=ca614a6a-a609-43de-bc51-ccec886c4fe2&fname=HYD_InlandWater_L_VM0_07.zip&access=private,"","WWW:DOWNLOAD-1.0-http--download","AFRICA EAST Inland Water Lines VMAP0 [2007] (Zipped Shapefile Format)"
ca614a6a-a609-43de-bc51-ccec886c4fe2,http://localhost:8080/geonetwork/srv/en/resources.get?uuid=ca614a6a-a609-43de-bc51-ccec886c4fe2&fname=HYD_InlandWater_L_VM0_07.gml&access=private,"","WWW:DOWNLOAD-1.0-http--download","AFRICA EAST Inland Water Lines VMAP0 [2007] (GML 2.0 Format)"
ca614a6a-a609-43de-bc51-ccec886c4fe2,http://localhost:8080/geonetwork/srv/en/resources.get?uuid=ca614a6a-a609-43de-bc51-ccec886c4fe2&fname=HYD_InlandWater_L_VM0_07.gml&access=private,"","WWW:DOWNLOAD-1.0-http--download","AFRICA EAST Inland Water Lines VMAP0 [2007] (GML 3.1.1 Format)"
ca614a6a-a609-43de-bc51-ccec886c4fe2,http://localhost:8080/geonetwork/srv/en/resources.get?uuid=ca614a6a-a609-43de-bc51-ccec886c4fe2&fname=HYD_InlandWater_L_VM0_07.csv&access=private,"","WWW:DOWNLOAD-1.0-http--download","AFRICA EAST Inland Water Lines VMAP0 [2007] (CSV Format)"
ca614a6a-a609-43de-bc51-ccec886c4fe2,http://localhost:8080/geonetwork/srv/en/resources.get?uuid=ca614a6a-a609-43de-bc51-ccec886c4fe2&fname=HYD_InlandWater_L_VM0_07.excel&access=private,"","WWW:DOWNLOAD-1.0-http--download","AFRICA EAST Inland Water Lines VMAP0 [2007] (Excel Format)"
ca614a6a-a609-43de-bc51-ccec886c4fe2,http://localhost:8080/geonetwork/srv/en/resources.get?uuid=ca614a6a-a609-43de-bc51-ccec886c4fe2&fname=HYD_InlandWater_L_VM0_07.json&access=private,"","WWW:DOWNLOAD-1.0-http--download","AFRICA EAST Inland Water Lines VMAP0 [2007] (GeoJSON Format)"
ca614a6a-a609-43de-bc51-ccec886c4fe2,http://localhost:8080/geonetwork/srv/en/resources.get?uuid=ca614a6a-a609-43de-bc51-ccec886c4fe2&fname=HYD_InlandWater_L_VM0_07.jpg&access=private,"","WWW:DOWNLOAD-1.0-http--download","AFRICA EAST Inland Water Lines VMAP0 [2007] (JPEG Format)"
ca614a6a-a609-43de-bc51-ccec886c4fe2,http://localhost:8080/geonetwork/srv/en/resources.get?uuid=ca614a6a-a609-43de-bc51-ccec886c4fe2&fname=HYD_InlandWater_L_VM0_07.pdf&access=private,"","WWW:DOWNLOAD-1.0-http--download","AFRICA EAST Inland Water Lines VMAP0 [2007] (PDF Format)"
ca614a6a-a609-43de-bc51-ccec886c4fe2,http://localhost:8080/geonetwork/srv/en/resources.get?uuid=ca614a6a-a609-43de-bc51-ccec886c4fe2&fname=HYD_InlandWater_L_VM0_07.png&access=private,"","WWW:DOWNLOAD-1.0-http--download","AFRICA EAST Inland Water Lines VMAP0 [2007] (PNG Format)"
ca614a6a-a609-43de-bc51-ccec886c4fe2,http://localhost:8080/geonetwork/srv/en/resources.get?uuid=ca614a6a-a609-43de-bc51-ccec886c4fe2&fname=HYD_InlandWater_L_VM0_07.KML&access=private,"","WWW:DOWNLOAD-1.0-http--download","AFRICA EAST Inland Water Lines VMAP0 [2007] (KML Format)"
ca614a6a-a609-43de-bc51-ccec886c4fe2,http://localhost:8080/geonetwork/srv/en/resources.get?uuid=ca614a6a-a609-43de-bc51-ccec886c4fe2&fname=HYD_InlandWater_L_VM0_07.KML&access=private,"","WWW:DOWNLOAD-1.0-http--download","AFRICA EAST Inland Water Lines VMAP0 [2007] (View in Google Earth Format)"
cac7d6ea-a8ac-4707-8158-aeee1739730f,,"e.g. download link","","Data (or Image) for download"
caec43df-36ba-439a-9388-945f8244fe37,http://www.servir.net/images/desastres/2010-09-15_Karl_GT/hurricane_Karl_GT_sept2010.jpg,"download link","WWW:LINK-1.0-http--link","jpeg image for download"
caf1b54b-6ae6-4980-81c2-364e643fc547,http://www.servir.net/images/desastres/2010-09-30_Inund_Xolotlan_NI/caso_estudio_mitch_managua_may-dic98.jpg,"download link","WWW:LINK-1.0-http--link","jpeg image for download"
cb52da75-f906-49c0-9954-036e39363e25,http://www.servir.net/images/stories/analisisambiental/cam_anomalias_201109_3.jpg,"download link","WWW:LINK-1.0-http--link","jpeg image for download"
cc18cc13-6766-4406-a029-7ef9b0e45012,http://www.servir.net/images/desastres/2010-02-27_Terremoto_CL/cl_terremoto_poblaciones_20100227_alta.jpg,"download link","WWW:LINK-1.0-http--link","jpeg image for download"
cc18cc13-6766-4406-a029-7ef9b0e45012,http://www.servir.net/images/desastres/2010-02-27_Terremoto_CL/cl_terremoto_poblaciones_20100227_v2_alta.jpg,"download link","WWW:LINK-1.0-http--link","jpeg image for download"
ce303646-31d0-44ea-8103-ba344a3a54c8,http://www.servir.net/images/desastres/2010-01-21_Turrialba_CR/world_files/ALI_015_053_2005170_432_zoom.jpg,"download link","WWW:LINK-1.0-http--link","jpeg image for download"
ce303646-31d0-44ea-8103-ba344a3a54c8,http://www.servir.net/images/desastres/2010-01-21_Turrialba_CR/world_files/ALI_015_053_2005170_432_zoom.jgw,"download link","WWW:LINK-1.0-http--link","Esri worldfile for download"
cf5e1da2-f80d-4bb1-bdce-814665e8e65a,http://www.servir.net/2010/belize.jpg,"download link","WWW:LINK-1.0-http--link","jpeg image for download"
cf5e1da2-f80d-4bb1-bdce-814665e8e65a,http://www.servir.net/servir_bz_forest_cover_1980-2010.pdf,"download link","WWW:LINK-1.0-http--link","pdf file for download"
d10b6242-9bfb-4ea2-99b6-62a733832539,http://www.servir.net/images/desastres/2010-03-18_LagunaTigre_GT/GT_laguna_tigre_puntocalor_2003_2009_1.gif,"download link","WWW:LINK-1.0-http--link","gif image for download"
d2d1a2bc-f577-45c4-8d98-24660eb7bbb2,http://www.servir.net/images/desastres/2010-09-06_lluvia_gt/derrumbe_mapa_Solola_high.jpg,"download link","WWW:LINK-1.0-http--link","jpeg image for download"
d306c94e-e041-4a8d-8b7d-b3030b924b98,http://www.servir.net/images/desastres/2010-05-30_Agatha_GT/tormenta_Agatha.jpg,"download link","WWW:LINK-1.0-http--link","jpeg image for download"
d5546484-3355-407c-9d5c-671123f0b820,http://maps.cathalac.org/downloads/data/temp/Atitlan/gt_at_20110105.zip,"download link","WWW:LINK-1.0-http--link","zip archive with data for download"
d8c927f9-b313-4f28-b210-fa86e46fc0af,http://www.servir.net/images/stories/analisisambiental/n_spct_gt_rio_atitlan2_mm5.gif,"download link","WWW:LINK-1.0-http--link","gif image for download"
d97eac46-a3eb-48b3-9fbd-df7404fe4ecf,http://www.servir.net/images/stories/analisisambiental/2rd_20110805_tt_emily_cmorph.jpg,"download link","WWW:LINK-1.0-http--link","jpeg image for download"
daf9b268-3ab4-4705-a695-7ce9cc2a9dc0,http://maps.cathalac.org/downloads/data/temp/Atitlan/gt_at_19980517.zip,"download link","WWW:LINK-1.0-http--link","zip archive with data for download"
db4343cd-27fa-4294-85b7-20122ab7f833,http://www.servir.net/images/desastres/2010-11-19_lluvia_COL/PN_CO_anomalia_2010-11-23.jpg,"download link","WWW:LINK-1.0-http--link","jpeg image for download"
dbadefe4-a263-498e-9dfd-da4f4c90c817,http://www.servirglobal.net/Portals/0/Documents/Articles/Anaglyphs/nicaragua_anaglyph.jpg,"download link","WWW:LINK-1.0-http--link","jpeg image for download"
dc9a991c-e834-4f7f-b889-3529981d3141,http://www.servir.net/images/desastres/2010-09-06_lluvia_gt/gis_data/formosat_tecpan_gt_11sep2010_geowgs84.zip,"download link","WWW:LINK-1.0-http--link","zip archive with imagery for download"
e0a40971-6009-4763-b60d-282973525e4a,http://www.servir.net/images/desastres/2009-11-02_TT_Ida/ida_baja96_20091111.jpg,"download link","WWW:LINK-1.0-http--link","jpeg image for download"
e17787b3-d011-4982-95d8-09f99aef0779,http://www.servir.net/images/desastres/2009-11-11_inund_SV/sv_puentes_danados_PUENTE_HUIZA_LA_LIBERTAD_CANTON_MELARA.jpg,"download link","WWW:LINK-1.0-http--link","jpeg image for download"
e2268418-8f73-40ee-9f69-ff6b8ea64ce8,http://www.servir.net/images/stories/analisisambiental/pn_inunda_20111023_gualaca.jpg,"download link","WWW:LINK-1.0-http--link","jpeg image for download"
e2268418-8f73-40ee-9f69-ff6b8ea64ce8,http://maps.cathalac.org/downloads/data/temp/inundaciones_pn_oct2011/Areas%20inundadas%20GUALACA.KMZ,"download link","WWW:LINK-1.0-http--link","Google Earth file for download"
e2e0c97f-b3cd-4294-8be4-187c047fc353,http://earthquake.usgs.gov/earthquakes/mapping/,"interactive viewer","WWW:LINK-1.0-http--link","interactive viewer"
e361e5bf-0e13-42bf-bacf-fde00e5733a5,http://www.servir.net/cc_biod/precanom_cathalac.zip,"download link","WWW:LINK-1.0-http--link","zip archive with imagery for download"
e370d3d2-38b9-49cf-a6fd-09810ae0aa40,https://s3.amazonaws.com/servirglobal/Meso/conservation/hot_spots/critarea_cathalac.zip,"download link","WWW:LINK-1.0-http--link","zip archive with data for download"
e4743710-3d5d-4453-af43-838ab83b2b52,http://www.servir.net/images/desastres/2009-11-11_inund_SV/rio_huiza_15nov09.jpg,"download link","WWW:LINK-1.0-http--link","jpeg image for download"
e55a07ce-ac29-4e97-80ad-0e80fc403984,http://www.servir.net/images/stories/do_1024.png,"download link","WWW:LINK-1.0-http--link","png image for download"
e55a07ce-ac29-4e97-80ad-0e80fc403984,http://maps.cathalac.org/downloads/data/cafta/do_alos_palsar_poster_2010.zip,"download link","WWW:LINK-1.0-http--link","compressed pdf file for download"
e5da4562-7986-48da-a9b6-f4a544cf27bd,http://www.servir.net/images/desastres/2010-09-06_lluvia_gt/gis_data/formosat_suroccidente_gt_10sept2010.zip,"download link","WWW:LINK-1.0-http--link","zip archive with imagery for download"
e5ff2551-9e7c-49be-8057-ab0b2121f271,http://www.servir.net/images/desastres/2010-12-08_lluvia_PA/pn_distrito_colon_inundaciones_2010-12-09_high-res.jpg,"download link","WWW:LINK-1.0-http--link","jpeg image for download"
e679a7e0-ed91-4c1c-a1f3-06c001b310f4,http://www.servir.net/images/desastres/2010-09-30_Inund_Xolotlan_NI/l5_managua_19981212.zip,"download link","WWW:LINK-1.0-http--link","zip archive with imagery for download"
e68c8924-c995-4853-9887-1b6b5438a721,http://www.servir.net/ndvi/ndvi.html,"interactive viewer","WWW:LINK-1.0-http--link","interactive viewer"
ea378cf4-1ff5-4a47-9704-18fcfe19c5bd,http://www.servirglobal.net/mesoamerica/LakeAtitlan/Surface2.aspx,"interactive viewer","WWW:LINK-1.0-http--link","interactive viewer"
ec590684-23c8-4373-8f4d-716a46f19f0f,http://www.servir.net/images/desastres/2010-01-13_Terremoto_HT/ht_erosion_population_20100114_moy.jpg,"download link","WWW:LINK-1.0-http--link","jpeg image for download"
ec590684-23c8-4373-8f4d-716a46f19f0f,http://www.servir.net/images/desastres/2010-01-13_Terremoto_HT/ht_erosion_population_20100114_hau.jpg,"download link","WWW:LINK-1.0-http--link","jpeg image for download"
edbf43c0-4646-4ced-b061-3d5195074a1f,http://www.servir.net/images/stories/analisisambiental/pn_inunda_20111023_bugaba.jpg,"download link","WWW:LINK-1.0-http--link","jpeg image for download"
edbf43c0-4646-4ced-b061-3d5195074a1f,http://maps.cathalac.org/downloads/data/temp/inundaciones_pn_oct2011/Areas%20inundadas%20BUGABA.KMZ,"download link","WWW:LINK-1.0-http--link","Google Earth file for download"
edd9f1db-7c18-47f8-8a46-5c1ddc587ec2,http://www.servir.net/2010/bz_cobertura_1980-2010.jpg,"download link","WWW:LINK-1.0-http--link","jpeg image for download"
edd9f1db-7c18-47f8-8a46-5c1ddc587ec2,http://www.servir.net/servir_bz_forest_cover_1980-2010.pdf,"download link","WWW:LINK-1.0-http--link","pdf file for download"
ee3140e4-3b1a-485a-8c2a-3c017c5d02a3,http://www.servir.net/images/stories/analisisambiental/pn_ppac_201110_1-8_.jpg,"download link","WWW:LINK-1.0-http--link","jpeg image for download"
ee5be36f-cc12-4445-aac7-5ce4483e514b,http://www.servir.net/images/stories/analisisambiental/cmorph2_panama_2011-09_4-10.jpg,"download link","WWW:LINK-1.0-http--link","jpeg image for download"
ee742b1a-02fe-4a36-9268-0781e694ed42,http://www.servir.net/images/stories/analisisambiental/rd4_temperatura_anomalia_.jpg,"download link","WWW:LINK-1.0-http--link","jpeg image for download"
efc3431e-a983-4a2b-a146-bec547e891e0,http://www.servirglobal.net/mesoamerica/LakeAtitlan/Santiago.aspx,"interactive viewer","WWW:LINK-1.0-http--link","interactive viewer"
f0db34dd-cdff-4361-9477-0c095edbe591,http://www.servir.net/images/desastres/2009-11-11_inund_SV/cicatriz_desliz_volcan_SV_20091111.jpg,"download link","WWW:LINK-1.0-http--link","jpeg image for download"
f2e70ecc-e51d-4ed2-b340-a98875d3db76,http://www.servir.net/images/stories/analisisambiental/pn_inunda_20111023_baru_4.jpg,"download link","WWW:LINK-1.0-http--link","jpeg image for download"
f2e70ecc-e51d-4ed2-b340-a98875d3db76,http://maps.cathalac.org/downloads/data/temp/inundaciones_pn_oct2011/Areas%20inundadas%20BARU.KMZ,"download link","WWW:LINK-1.0-http--link","Google Earth file for download"
f3ef5d03-a27c-460b-a25a-7aca4be21ed0,http://www.servir.net/images/desastres/2010-01-21_Turrialba_CR/world_files/ALI_015_053_2005170_985_zoom.jpg,"download link","WWW:LINK-1.0-http--link","jpeg image for download"
f3ef5d03-a27c-460b-a25a-7aca4be21ed0,http://www.servir.net/images/desastres/2010-01-21_Turrialba_CR/world_files/ALI_015_053_2005170_985_zoom.jgw,"download link","WWW:LINK-1.0-http--link","Esri worldfile for download"
f46fef6b-b7c8-4b93-b4b2-f33bd2338ec8,http://maps.cathalac.org/downloads/data/temp/inundaciones_cr_oct2011/Inundaciones_oct_2011_.jpg,"download link","WWW:LINK-1.0-http--link","jpeg image for download"
f5e286a6-c248-4788-ab6b-5ddccf9946ff,http://www.servir.net/images/desastres/2009-11-11_inund_SV/lago_ilopango_comparacion.html,"interactive viewer","WWW:LINK-1.0-http--link","interactive viewer"
f71aa829-5782-4a37-95d8-8cd5c49c12df,http://maps.cathalac.org/downloads/data/temp/inund_sv_oct_2011/flores_oct_2011.jpg,"download link","WWW:LINK-1.0-http--link","jpeg image for download"
f828c37e-37c1-442c-84b1-de5b05dec8f9,http://www.servirglobal.net/Portals/0/Documents/Articles/Anaglyphs/honduras_anaglyph.jpg,"download link","WWW:LINK-1.0-http--link","jpeg image for download"
f88bc4b7-98a3-4a79-a9ce-206dff2fb11c,http://www.servir.net/images/ndvi_imagen1/ndvi_imagen2.html,"interactive viewer","WWW:LINK-1.0-http--link","interactive viewer"
f9e67e97-6fb5-4514-83c6-db76c39d2f19,http://www.servirglobal.net/Mesoamerica/FloodsOctober11/HeavyRains.aspx,"interactive viewer","WWW:LINK-1.0-http--link","interactive viewer"
f9f9fa59-bab1-4445-b7f2-1cebe33b300d,http://maps.cathalac.org/downloads/data/temp/Atitlan/gt_at_19951203.zip,"download link","WWW:LINK-1.0-http--link","zip archive with data for download"
fc0e6045-f418-4dfb-8ba3-6d1cf730ffe2,http://portalgis.cathalac.org/atitlan/,"interactive viewer","WWW:LINK-1.0-http--link","interactive viewer"
fd413511-ba5e-4afc-a347-c826d7174fe0,http://www.servir.net/images/desastres/2010-02-27_Terremoto_CL/cl_terremoto_geofisica_20100227_alta.jpg,"download link","WWW:LINK-1.0-http--link","jpeg image for download"
ff0f2ea8-fd6a-4173-b05f-d047b721bc45,http://www.servir.net/images/stories/analisisambiental/atitlan_cyanobacteria_20110513_3d_9.jpg,"download link","WWW:LINK-1.0-http--link","jpeg image for download"
006e73e1-3d3a-460a-bcdf-1ff4fdc205e0,http://www.servir.net/images/stories/sv_1024.png,"download link","WWW:LINK-1.0-http--link","png image for download"
006e73e1-3d3a-460a-bcdf-1ff4fdc205e0,http://maps.cathalac.org/downloads/data/cafta/sv_alos_palsar_poster_2010.zip,"download link","WWW:LINK-1.0-http--link","compressed pdf file for download"
009e3cc6-cbc1-4aa1-b7c8-199ca872d5a1,http://www.servir.net/images/stories/analisisambiental/n_spct_gt_rio_salama1_wc.gif,"download link","WWW:LINK-1.0-http--link","gif image for download"
0444d53a-0e33-4bf8-b49a-dc3275b5a198,http://www.servir.net/images/desastres/2010-05-30_Agatha_GT/agatha_chinautla_20100612.jpg,"download link","WWW:LINK-1.0-http--link","jpeg image for download"
048042b6-6ea7-4211-98d5-71a357ffd147,http://www.servir.net/images/desastres/2010_alos_palsar_panama/pn_darien_radar_2010_150dpi.jpg,"download link","WWW:LINK-1.0-http--link","jpeg image for download"
04aba2cc-9279-485c-824a-34e954ebd34f,http://www.servir.net/images/desastres/2009-11-11_inund_SV/sv_puentes_danados_RUTA_SAN_VICENTE_SAN_SEBASTIAN.jpg,"download link","WWW:LINK-1.0-http--link","jpeg image for download"
0568ebd6-1eba-48c2-8b63-f397ec4cf269,http://www.servir.net/images/stories/analisisambiental/gt_sv_inunda_20111017_baja_verapaz_3.jpg,"download link","WWW:LINK-1.0-http--link","jpeg image for download"
0568ebd6-1eba-48c2-8b63-f397ec4cf269,http://maps.cathalac.org/downloads/data/temp/inundaciones_gt_sv_oct_2011/gt_baja_verapaz_areas_inund_2011-10-17.kmz,"download link","WWW:LINK-1.0-http--link","Google Earth file for download"
06858378-a389-45ea-9eb1-7bde4de98103,http://www.servir.net/images/stories/cr_1024.png,"download link","WWW:LINK-1.0-http--link","png image for download"
06858378-a389-45ea-9eb1-7bde4de98103,http://maps.cathalac.org/downloads/data/cafta/cr_alos_palsar_poster_2010.zip,"download link","WWW:LINK-1.0-http--link","compressed pdf file for download"
0711bba7-6cee-43f9-85ac-106f72db69a9,http://www.servir.net/images/desastres/2010-05-30_Agatha_GT/tormenta_Agatha_sv_alta.jpg,"download link","WWW:LINK-1.0-http--link","jpeg image for download"
07fe935a-531e-4584-bf5e-2c930d191c32,http://www.servir.net/images/stories/analisisambiental/n_spct_gt_rio_salama1_mm5.gif,"download link","WWW:LINK-1.0-http--link","gif image for download"
08084f24-cb8b-44fe-8208-80fcd0610ace,http://www.servir.net/images/stories/analisisambiental/incendios_baja.jpg,"download link","WWW:LINK-1.0-http--link","jpeg image for download"
08bfec14-1089-47fd-a410-4d7edb95a712,http://www.servir.net/images/desastres/2010-01-13_Terremoto_HT/haiti_palais_national_20090114_hau_.jpg,"download link","WWW:LINK-1.0-http--link","jpeg image for download"
08bfec14-1089-47fd-a410-4d7edb95a712,http://www.servir.net/images/desastres/2010-01-13_Terremoto_HT/haiti_palais_national_20090114_hau.zip,"download link","WWW:LINK-1.0-http--link","compressed jpeg image for download"
09004f4b-d274-47a5-8ab8-b415e0f5ded2,http://www.servir.net/images/desastres/2010-01-21_Turrialba_CR/world_files/AST_2010016_321_zoom.jpg,"download link","WWW:LINK-1.0-http--link","jpeg image for download"
09004f4b-d274-47a5-8ab8-b415e0f5ded2,http://www.servir.net/images/desastres/2010-01-21_Turrialba_CR/world_files/AST_2010016_321_zoom.jgw,"download link","WWW:LINK-1.0-http--link","Esri worldfile for download"
0c1b498b-6704-4964-8a64-68127a29f312,http://www.servir.net/images/desastres/2010-05-30_Agatha_GT/cuenca_achiguate_2010-06-11_.jpg,"download link","WWW:LINK-1.0-http--link","jpeg image for download"
0d57a440-686a-41b6-9f34-a4b2d8396f68,http://www.servir.net/images/desastres/2009-11-11_inund_SV/sv_inund_nov09_high.jpg,"download link","WWW:LINK-1.0-http--link","jpeg image for download"
0d583a02-ba12-4c17-aa93-543c0d1a5d6e,http://www.servir.net/images/stories/analisisambiental/gt_sv_inunda_20111017_ahuachapan_3.jpg,"download link","WWW:LINK-1.0-http--link","jpeg image for download"
0d583a02-ba12-4c17-aa93-543c0d1a5d6e,http://maps.cathalac.org/downloads/data/temp/inundaciones_gt_sv_oct_2011/sv_ahuachapan_areas_inund_2011-10-17.kmz,"download link","WWW:LINK-1.0-http--link","Google Earth file for download"
0dfa78b9-514d-428f-bf49-b1e46a1da8d3,http://maps.cathalac.org/downloads/data/temp/Atitlan/gt_at_19991230.zip,"download link","WWW:LINK-1.0-http--link","zip archive with data for download"
0e880772-35eb-4115-ad05-7f3c25b72f61,http://maps.cathalac.org/downloads/data/temp/Atitlan/gt_at_20091209.zip,"download link","WWW:LINK-1.0-http--link","zip archive with data for download"
0fba9193-ad75-496a-8659-f26c3a4c4c71,http://www.servir.net/images/desastres/2010-01-13_Terremoto_HT/ht_tremblement_repliques_20100415_hau.jpg,"download link","WWW:LINK-1.0-http--link","jpeg image for download"
0ff03502-1cee-446e-bdfc-3831ca037897,http://www.servir.net/images/desastres/2010-03-18_LagunaTigre_GT/GT_laguna_tigre_aster_1979_2009_camino_pozo.gif,"download link","WWW:LINK-1.0-http--link","gif image for download"
10bddcce-8b23-47f7-81e8-6d5e505bb747,http://www.servir.net/images/stories/pn_1024.png,"download link","WWW:LINK-1.0-http--link","png image for download"
10bddcce-8b23-47f7-81e8-6d5e505bb747,http://maps.cathalac.org/downloads/data/cafta/pn_alos_palsar_poster_2010.zip,"download link","WWW:LINK-1.0-http--link","compressed pdf file for download"
121a9e68-247f-40c6-973a-9e619f832d2b,http://www.servir.net/images/desastres/2010-03-18_LagunaTigre_GT/landsat/L5020048_048_20091209.zip,"download link","WWW:LINK-1.0-http--link","zip archive with imagery for download"
124f0a64-5cd9-48e0-84db-2f0e947d40c9,http://www.servir.net/images/desastres/2010-01-13_Terremoto_HT/port-au-prince_champ-de-mars_jeans-jacques-dessalines_20090114_hau.jpg,"download link","WWW:LINK-1.0-http--link","jpeg image for download"
124f0a64-5cd9-48e0-84db-2f0e947d40c9,http://www.servir.net/images/desastres/2010-01-13_Terremoto_HT/port-au-prince_champ-de-mars_jeans-jacques-dessalines_20090114_hau.zip,"download link","WWW:LINK-1.0-http--link","compressed jpeg image for download"
14d2c563-8af5-4864-9256-edf043f9089b,http://www.servir.net/images/stories/alos_palsar_fbd_mosaico_completo_2010_1024.jpg,"download link","WWW:LINK-1.0-http--link","jpeg image for download"
14d2c563-8af5-4864-9256-edf043f9089b,http://www.servir.net/images/stories/alos_palsar_fbd_mosaico_completo_2010.jpg,"download link","WWW:LINK-1.0-http--link","jpeg image for download"
15f05ae1-385e-4497-a795-43919b29f3e2,http://www.servir.net/images/desastres/2010-11-07_lluvia_CR_PTY/pty_cr_nov2010_.jpg,"download link","WWW:LINK-1.0-http--link","jpeg image for download"
16db5a1c-7020-485f-af0a-14cc66dd7efb,http://www.servir.net/images/stories/analisisambiental/gt_ndvi_atitlan.jpg,"download link","WWW:LINK-1.0-http--link","jpeg image for download"
17029b32-d375-40de-959a-754fc95b06f9,http://maps.cathalac.org/downloads/data/temp/Atitlan/gt_at_20061123.zip,"download link","WWW:LINK-1.0-http--link","zip archive with data for download"
17e8e9ee-94e8-4f9c-aff6-1d1993b11c5f,http://maps.cathalac.org/downloads/data/temp/Atitlan/t_at_2010_06.zip,"download link","WWW:LINK-1.0-http--link","zip archive with data for download"
1b375a97-d314-4f18-92ae-92f33697403e,http://www.servir.net/images/stories/analisisambiental/cam_vista_kml_anomal.jpg,"download link","WWW:LINK-1.0-http--link","jpeg image for download"
1b375a97-d314-4f18-92ae-92f33697403e,http://maps.cathalac.org/downloads/data/temp/Clima/Precipitacion_Acumulada_Septiembre2011.kmz,"download link","WWW:LINK-1.0-http--link","Google Earth file for download"
1b4c126c-e506-4565-b547-bcc487127500,http://www.servir.net/images/stories/analisisambiental/goes_20110920.jpg,"download link","WWW:LINK-1.0-http--link","jpeg image for download"
1c6b6b23-6ab2-4d03-b638-03d0972c03ab,http://www.servir.net/images/desastres/2010-12-08_lluvia_PA/pn_pp_ac_dic_2010_total_alta.jpg,"download link","WWW:LINK-1.0-http--link","jpeg image for download"
1e52d3da-349c-4152-8198-c25025713ae9,http://www.servir.net/images/stories/analisisambiental/gt_lago_batimet1.jpg,"download link","WWW:LINK-1.0-http--link","jpeg image for download"
1f14f1ed-5abf-4cd5-b062-f4f72715917a,http://www.servir.net/images/desastres/2010-01-21_Turrialba_CR/world_files/ALI_015_053_2005170_985.jpg,"download link","WWW:LINK-1.0-http--link","jpeg image for download"
1f14f1ed-5abf-4cd5-b062-f4f72715917a,http://www.servir.net/images/desastres/2010-01-21_Turrialba_CR/world_files/ALI_015_053_2005170_985.jgw,"download link","WWW:LINK-1.0-http--link","Esri worldfile for download"
20f148f7-3bdc-4f67-9ecf-6790c6e1cfc1,http://www.servir.net/images/desastres/2010-09-30_Inund_Xolotlan_NI/cambios_espejo_agua.png,"download link","WWW:LINK-1.0-http--link","png image for download"
21d86383-0047-41db-90ef-2910fa12da86,http://www.servir.net/images/stories/analisisambiental/rg_sswdl_201109_12.jpg,"download link","WWW:LINK-1.0-http--link","jpeg image for download"
22fed0e7-066b-4275-9c9d-6f4d189bd0eb,http://www.servir.net/images/desastres/2010-05-30_Agatha_GT/sipacate_2010-06-11.jpg,"download link","WWW:LINK-1.0-http--link","jpeg image for download"
23065b0b-e780-4fde-90fd-ce7ea8ab0cf7,http://www.servir.net/images/stories/analisisambiental/rb_goes_20110912.jpg,"download link","WWW:LINK-1.0-http--link","jpeg image for download"
2392834e-9b60-4247-a861-fdffa62e9bc9,http://www.servir.net/images/stories/chile_terremoto/9_39_dia27_2010_sismos_2010_chile_viz.jpg,"download link","WWW:LINK-1.0-http--link","jpeg image for download"
24370170-e022-4016-98c7-91f3bef4cce4,http://www.servir.net/cc_biod/tempanom_cathalac.zip,"download link","WWW:LINK-1.0-http--link","zip archive with imagery for download"
24a835a6-12a1-4bf9-bade-d13389384c25,http://maps.cathalac.org/downloads/data/temp/Atitlan/gt_at_19870503.zip,"download link","WWW:LINK-1.0-http--link","zip archive with data for download"
2693f5d0-c302-46a2-9140-0dffcebdea18,http://www.servir.net/images/stories/analisisambiental/mes2_torment_huracanes_2011_2_.jpg,"Huracanes y Tormentas Tropicales, Año 2011, en Centroamérica y el Caribe","WWW:LINK-1.0-http--link","jpeg image for download"
2844a976-8483-466c-b811-9efe069a739b,http://www.servir.net/images/desastres/2010-01-13_Terremoto_HT/ht_ali_poss_glissements_20100115_moy.jpg,"download link","WWW:LINK-1.0-http--link","jpeg image for download"
2844a976-8483-466c-b811-9efe069a739b,http://www.servir.net/images/desastres/2010-01-13_Terremoto_HT/ht_ali_poss_glissements_20100115_hau.jpg,"download link","WWW:LINK-1.0-http--link","jpeg image for download"
28ab3a31-6a64-43ac-bccb-b51ce21047e8,http://servir.net/images/desastres/2010-09-15_Karl_GT/atitlan_sept2010_inundacion.jpg,"download link","WWW:LINK-1.0-http--link","jpeg image for download"
2a2bb946-ec91-4981-b613-d98c2c2300c5,http://www.servir.net/images/stories/analisisambiental/cam_pronostico_201110_24-25_.jpg,"download link","WWW:LINK-1.0-http--link","jpeg image for download"
2a8e3482-7d73-42c0-984c-957c982ae504,http://www.servir.net/images/stories/analisisambiental/gt_sv_inunda_20111017_alta_verapaz_3.jpg,"download link","WWW:LINK-1.0-http--link","jpeg image for download"
2a8e3482-7d73-42c0-984c-957c982ae504,http://maps.cathalac.org/downloads/data/temp/inundaciones_gt_sv_oct_2011/gt_alta_verapaz_areas_inund_2011-10-17.kmz,"download link","WWW:LINK-1.0-http--link","Google Earth file for download"
2adb33e6-a11a-4cb4-82f4-7f13508d4d68,http://www.servir.net/images/stories/20111025_Lago_Guija_12E_2024.jpg,"download link","WWW:LINK-1.0-http--link","jpeg image for download"
2adb33e6-a11a-4cb4-82f4-7f13508d4d68,http://www.servir.net/images/stories/20111025_lago_guija_12e_1024.jpg,"download link","WWW:LINK-1.0-http--link","jpeg image for download"
2b260a5d-9830-43d5-8aed-84cba45f0f82,http://www.servir.net/images/desastres/2010-11-01_Tomas_carib/gfs_regional_20101102.jpg,"download link","WWW:LINK-1.0-http--link","jpeg image for download"
2b260a5d-9830-43d5-8aed-84cba45f0f82,http://www.servir.net/images/desastres/2010-11-01_Tomas_carib/gfs_regional_20101102_baja.jpg,"download link","WWW:LINK-1.0-http--link","jpeg image for download"
2b895e99-78db-443b-9fdc-bd2107302fbe,http://www.servirglobal.net/mesoamerica/LakeAtitlan/Surface1.aspx,"interactive viewer","WWW:LINK-1.0-http--link","interactive viewer"
2b895e99-78db-443b-9fdc-bd2107302fbe,http://maps.cathalac.org/downloads/data/temp/Atitlan/gt_lago_1988.kml,"download link","WWW:LINK-1.0-http--link","Google Earth file for download"
2bd9263e-a14f-4d73-b71f-8de4dd881adf,http://maps.cathalac.org/downloads/data/temp/Atitlan/gt_at_20010322.zip,"download link","WWW:LINK-1.0-http--link","zip archive with data for download"
2cfd778d-a674-43f8-a8d7-86cd075d2b7b,http://www.servir.net/images/stories/analisisambiental/n_spct_sv_rio_lempa9.gif,"download link","WWW:LINK-1.0-http--link","gif image for download"
2d9ffb72-4ae3-48a2-b878-65549758c643,http://www.servir.net/images/stories/analisisambiental/n_spct_sv_rio_paz10_wc.gif,"download link","WWW:LINK-1.0-http--link","gif image for download"
2e6de115-8f4a-41ea-a765-b8ebcdbe40e4,http://www.servir.net/images/desastres/2010-09-28_TT_Matthew_SV/CA_precipitacion_sept2010.jpg,"download link","WWW:LINK-1.0-http--link","jpeg image for download"
2e9745d2-27f4-4df2-88e7-f651a5c86a42,http://www.servir.net/images/stories/analisisambiental/vista_anomalia_2011.jpg,"download link","WWW:LINK-1.0-http--link","jpeg image for download"
2e9745d2-27f4-4df2-88e7-f651a5c86a42,http://maps.cathalac.org/downloads/kml/anomalias_precp_2011_1-9.kmz,"download link","WWW:LINK-1.0-http--link","Google Earth file for download"
2eb7cf0a-0e2e-40b0-aa53-c7cd1db5ed86,http://www.servir.net/images/desastres/2010-01-21_Turrialba_CR/world_files/ALI_015_053_2010021_543.jpg,"download link","WWW:LINK-1.0-http--link","jpeg image for download"
2eb7cf0a-0e2e-40b0-aa53-c7cd1db5ed86,http://www.servir.net/images/desastres/2010-01-21_Turrialba_CR/world_files/ALI_015_053_2010021_543.jgw,"download link","WWW:LINK-1.0-http--link","Esri worldfile for download"
2fc6014a-5ff0-475d-a2e7-5072c22d247a,http://www.servir.net/images/stories/analisisambiental/anim3_gt_201110.gif,"download link","WWW:LINK-1.0-http--link","gif image for download"
2fcb627b-d2de-4e3e-97c8-2e383a6dafbb,http://www.servir.net/images/desastres/2010-01-21_Turrialba_CR/world_files/ALI_015_053_2010021_543_zoom.jpg,"download link","WWW:LINK-1.0-http--link","jpeg image for download"
2fcb627b-d2de-4e3e-97c8-2e383a6dafbb,http://www.servir.net/images/desastres/2010-01-21_Turrialba_CR/world_files/ALI_015_053_2010021_543_zoom.jgw,"download link","WWW:LINK-1.0-http--link","Esri worldfile for download"
30a53bb3-1dc3-4fbe-b1cf-7aa81b9f1d8e,http://www.servir.net/images/desastres/2010-09-30_Inund_Xolotlan_NI/espejo_agua_xolotlan_19981212.zip,"download link","WWW:LINK-1.0-http--link","zip archive with data for download"
3135668a-1969-4634-9dfb-a353840c13c0,http://www.servir.net/images/stories/analisisambiental/gt_sv_inunda_20111017_santa_ana_3.jpg,"download link","WWW:LINK-1.0-http--link","jpeg image for download"
3135668a-1969-4634-9dfb-a353840c13c0,http://maps.cathalac.org/downloads/data/temp/inundaciones_gt_sv_oct_2011/sv_santa_ana_areas_inund_2011-10-17.kmz,"download link","WWW:LINK-1.0-http--link","Google Earth file for download"
32b5e2cd-ff8f-4245-90f9-bfdfa26b0dc2,http://www.servir.net/images/stories/analisisambiental/trmm_panama_201110_1-16_.jpg,"download link","WWW:LINK-1.0-http--link","jpeg image for download"
332e8d7e-8049-4e63-9c25-f574fe476eff,http://www.servir.net/images/stories/analisisambiental/cam_anomal_201109_1-30_cmorph_vis.jpg,"download link","WWW:LINK-1.0-http--link","jpeg image for download"
332e8d7e-8049-4e63-9c25-f574fe476eff,http://maps.cathalac.org/downloads/data/temp/Clima/Anomalia_Pp_Septiembre2011.kmz,"download link","WWW:LINK-1.0-http--link","Google Earth file for download"
33392621-f0e5-4481-8b80-8507805d4d31,http://www.servir.net/images/stories/analisisambiental/mm5_sv_2011-09_11_18.jpg,"download link","WWW:LINK-1.0-http--link","jpeg image for download"
36113bd7-6ff8-4f62-935a-b49e364b994d,http://www.servir.net/images/desastres/2010-01-07_Incendios_CO/Fires-colombia2010_logos.jpg,"download link","WWW:LINK-1.0-http--link","jpeg image for download"
36fe2b74-4b58-4efa-a582-c3bccabaf376,http://www.servir.net/images/desastres/2010-01-21_Turrialba_CR/world_files/ALI_015_053_2005170_432.jpg,"download link","WWW:LINK-1.0-http--link","jpeg image for download"
36fe2b74-4b58-4efa-a582-c3bccabaf376,http://www.servir.net/images/desastres/2010-01-21_Turrialba_CR/world_files/ALI_015_053_2005170_432.jgw,"download link","WWW:LINK-1.0-http--link","Esri worldfile for download"
37505d18-ec24-44fc-bc3d-60e242142638,http://www.servir.net/images/desastres/2010-09-30_TT_Nicole_JA/cmorph_route_20100930.jpg,"download link","WWW:LINK-1.0-http--link","jpeg image for download"
382f508b-3521-4a02-8b31-0b1743a00874,http://www.servir.net/images/stories/analisisambiental/isc2_2011_tp_pp_lis.jpg,"download link","WWW:LINK-1.0-http--link","jpeg image for download"
38721d6b-4514-43f9-b64d-ce59aa436eec,http://www.servir.net/images/desastres/2010-09-30_Inund_Xolotlan_NI/caso_estudio_mitch_managua.jpg,"download link","WWW:LINK-1.0-http--link","jpeg image for download"
395e3c17-8675-413a-9720-105f8237a351,http://www.servir.net/images/desastres/2010-01-13_Terremoto_HT/tremblemente_terre_HT_20090113_hau.jpg,"download link","WWW:LINK-1.0-http--link","jpeg image for download"
39d2b4c7-76ee-4942-9cca-ed9815a5582d,http://www.servirglobal.net/mesoamerica/LakeAtitlan/Solola.aspx,"interactive viewer","WWW:LINK-1.0-http--link","interactive viewer"
3d2cb9a7-3058-4d10-a0be-73714f9cdfaa,http://www.servir.net/images/stories/analisisambiental/pn_ppac_201110_1-8_anim.gif,"download link","WWW:LINK-1.0-http--link","gif image for download"
3d900ab5-940c-4556-a3c6-517e8cf91001,http://maps.cathalac.org/downloads/data/temp/Atitlan/gt_at_20080528.zip,"download link","WWW:LINK-1.0-http--link","zip archive with data for download"
3da82da4-00aa-43fb-a81c-b4cc2712cdac,http://maps.cathalac.org/downloads/data/temp/Atitlan/gt_at_19890108.zip,"download link","WWW:LINK-1.0-http--link","zip archive with data for download"
3ed3a621-89c6-4fff-a797-a73d4eb28c69,http://www.servir.net/images/stories/analisisambiental/gt_sv_inunda_20111017_ciuda_guate_3.jpg,"download link","WWW:LINK-1.0-http--link","jpeg image for download"
3ed3a621-89c6-4fff-a797-a73d4eb28c69,http://maps.cathalac.org/downloads/data/temp/inundaciones_gt_sv_oct_2011/gt_guatemala_areas_inund_2011-10-17.kmz,"download link","WWW:LINK-1.0-http--link","Google Earth file for download"
405f4f76-9331-4655-936a-2754e225e1a7,http://maps.cathalac.org/downloads/data/temp/Atitlan/gt_at_19961205.zip,"download link","WWW:LINK-1.0-http--link","zip archive with data for download"
406ae870-6564-4077-b868-8aafe9bbdfd1,http://www.servir.net/images/stories/analisisambiental/animacion.gif,"download link","WWW:LINK-1.0-http--link","gif image for download"
406b9b6f-dc93-4fd4-92f8-98c4281fdd46,http://www.servir.net/images/desastres/2010-09-28_TT_Matthew_SV/inund_embalse15septiembre_20101002.jpg,"download link","WWW:LINK-1.0-http--link","jpeg image for download"
4098ed24-1314-45d0-bce0-8d792e3077db,http://www.servir.net/images/desastres/2010-03-18_LagunaTigre_GT/landsat/LM102104819740214.zip,"download link","WWW:LINK-1.0-http--link","zip archive with imagery for download"
40f63503-bf70-4106-8060-28bc3f5cb396,http://www.servir.net/images/desastres/2010-08-27_inund_NI/ni_cmorph_20100827.jpg,"download link","WWW:LINK-1.0-http--link","jpeg image for download"
431e5c08-f51d-4cfa-a099-90430342a307,http://maps.cathalac.org/downloads/data/temp/Atitlan/gt_at_19860108.zip,"download link","WWW:LINK-1.0-http--link","zip archive with data for download"
444d7fb7-ae01-4144-8360-f5ad205fcf5c,http://www.servir.net/images/desastres/2010-03-18_LagunaTigre_GT/landsat/LT50200481985133AAA07.zip,"download link","WWW:LINK-1.0-http--link","zip archive with imagery for download"
459b17b6-0637-4ac9-9957-8f245591e122,http://www.servir.net/images/stories/pn_inundacion_2010-12-10_25x35_100_dpi_3.jpg,"download link","WWW:LINK-1.0-http--link","jpeg image for download"
4636f245-2c72-49dc-854c-03e8e67d6625,http://lance-modis.eosdis.nasa.gov/imagery/subsets/?project=other##RESOURCE1_URL##subset=SERVIR_Nicaragua.2010036.aqua,"archive web page","WWW:LINK-1.0-http--link","imagery and metadata for download"
46c90605-3bb4-4605-8a63-fd0b108af558,http://www.servir.net/images/desastres/2010-01-21_Turrialba_CR/world_files/ALI_015_053_2010021_432_zoom.jpg,"download link","WWW:LINK-1.0-http--link","jpeg image for download"
46c90605-3bb4-4605-8a63-fd0b108af558,http://www.servir.net/images/desastres/2010-01-21_Turrialba_CR/world_files/ALI_015_053_2010021_432_zoom.jgw,"download link","WWW:LINK-1.0-http--link","Esri worldfile for download"
476f0fb8-89db-480e-913f-4fd36beb306a,http://www.servir.net/images/stories/analisisambiental/ndvi_sequias_.jpg,"download link","WWW:LINK-1.0-http--link","jpeg image for download"
47e4c1ba-95f1-4fb6-9ef4-326aed55f52f,http://www.servir.net/images/stories/hn_1024.png,"download link","WWW:LINK-1.0-http--link","png image for download"
47e4c1ba-95f1-4fb6-9ef4-326aed55f52f,http://maps.cathalac.org/downloads/data/cafta/hn_alos_palsar_poster_2010.zip,"download link","WWW:LINK-1.0-http--link","compressed pdf file for download"
48269762-da72-499a-aa27-5d597f0280b1,http://maps.cathalac.org/downloads/data/temp/Atitlan/gt_at_19881020.zip,"download link","WWW:LINK-1.0-http--link","zip archive with data for download"
4a038759-1e9a-479e-bef9-065f0a2ab533,http://www.servir.net/images/desastres/2010-01-21_Turrialba_CR/world_files/Hyp_015_053_2010016_197.107.18.jpg,"download link","WWW:LINK-1.0-http--link","jpeg image for download"
4a038759-1e9a-479e-bef9-065f0a2ab533,http://www.servir.net/images/desastres/2010-01-21_Turrialba_CR/world_files/Hyp_015_053_2010016_197.107.18.jgw,"download link","WWW:LINK-1.0-http--link","Esri worldfile for download"
4a5e85cb-c293-4682-a5c8-28bed27692cf,http://www.servir.net/images/desastres/2010-09-06_lluvia_gt/gt_champerico_lluvias_sept10.jpg,"download link","WWW:LINK-1.0-http--link","jpeg image for download"
4a9ab76b-5ec6-49d9-87fc-573ff22e2e4c,http://www.servir.net/images/stories/analisisambiental/rd3_escorrentia_ene_mar_sum.gif,"download link","WWW:LINK-1.0-http--link","gif image for download"
4b08a3c6-e4bc-42b7-b6d0-ecaff91743b8,http://maps.cathalac.org/downloads/data/temp/Atitlan/gt_at_20060224.zip,"download link","WWW:LINK-1.0-http--link","zip archive with data for download"
4b8f32f3-530f-4abc-be62-20b71b1be89f,http://www.servir.net/images/stories/analisisambiental/gt_sv_inunda_20111017_progreso_3.jpg,"download link","WWW:LINK-1.0-http--link","jpeg image for download"
4b8f32f3-530f-4abc-be62-20b71b1be89f,http://maps.cathalac.org/downloads/data/temp/inundaciones_gt_sv_oct_2011/gt_el_progreso_areas_inund_2011-10-17.kmz,"download link","WWW:LINK-1.0-http--link","Google Earth file for download"
4c925535-3b12-4990-bf72-1de071e3e0a0,http://www.servir.net/images/desastres/2010-05-30_Agatha_GT/landsat7_motagua_alta.jpg,"download link","WWW:LINK-1.0-http--link","jpeg image for download"
4cba8395-754b-4820-8d2b-69ae4cb89a53,http://www.servirglobal.net/Portals/0/Documents/Articles/FloodingHeavyRainsOct2011/analisis_sv_2011_nahualapa_.jpg,"download link","WWW:LINK-1.0-http--link","jpeg image for download"
4cba8395-754b-4820-8d2b-69ae4cb89a53,http://www.servirglobal.net/Portals/0/Documents/Articles/FloodingHeavyRainsOct2011/analisis_sv_2011_nahualapa_low.jpg,"download link","WWW:LINK-1.0-http--link","jpeg image for download"
4cdd9eb4-8e11-4506-9625-39f25a4a47f6,http://www.servir.net/images/stories/analisisambiental/cam_pronostico_201110_17-18_.jpg,"download link","WWW:LINK-1.0-http--link","jpeg image for download"
4d6db669-ad00-4aaa-bfda-6dd6c7a7b626,http://www.servir.net/images/desastres/2010-10-21_TT_Richard/bz_hurricane_richard_central_radar.jpg,"download link","WWW:LINK-1.0-http--link","jpeg image for download"
4e26da2c-f433-4509-8a25-652672638c29,http://www.servir.net/images/stories/analisisambiental/n_spct_sv_rio_lempa9_mm5.gif,"download link","WWW:LINK-1.0-http--link","gif image for download"
50a8dc27-ba52-4704-936f-aba63899156a,http://www.servir.net/images/desastres/2010-09-06_lluvia_gt/guate_gfs_20100906.jpg,"download link","WWW:LINK-1.0-http--link","jpeg image for download"
510e84ef-84aa-4ae0-a9ff-8374b3210d48,http://www.servir.net/images/desastres/2010-03-18_LagunaTigre_GT/landsat/L5020048_20010322.zip,"download link","WWW:LINK-1.0-http--link","zip archive with imagery for download"
52283ac0-09ad-4c1f-a94b-2178403b83bc,http://www.servir.net/images/desastres/2010-05-30_Agatha_GT/GT_spot_alta_resolucion.jpg,"download link","WWW:LINK-1.0-http--link","jpeg image for download"
5238bd35-55b1-4700-9bad-f2efe62261bd,http://www.servir.net/images/desastres/2010-11-01_Tomas_carib/goes12_tomas_29-30.gif,"download link","WWW:LINK-1.0-http--link","gif image for download"
525426fe-4615-40cc-ac5c-34bc867db069,http://www.servir.net/images/stories/gt_1024.png,"download link","WWW:LINK-1.0-http--link","png image for download"
525426fe-4615-40cc-ac5c-34bc867db069,http://maps.cathalac.org/downloads/data/cafta/gt_alos_palsar_poster_2010.zip,"download link","WWW:LINK-1.0-http--link","compressed pdf file for download"
5266c0d4-4394-451d-bd5e-0c5efa12c79a,http://www.servir.net/images/desastres/2010-09-06_lluvia_gt/modis_gt_11-20sept_2010.gif,"download link","WWW:LINK-1.0-http--link","gif image for download"
54e9a888-951a-4c47-82a0-fecf9d6e690f,http://www.servir.net/images/stories/analisisambiental/gt_cambios_superf_grafic_1986-2011.jpg,"Identificación de Cambios en la Superficie de Área del Lago Atitlán a tavés de Imágenes Satelitales","WWW:LINK-1.0-http--link","jpeg image for download"
54f666cf-fdf2-4029-b323-ad9c1e4a247c,http://www.servir.net/images/stories/bz_1024.png,"download link","WWW:LINK-1.0-http--link","png image for download"
54f666cf-fdf2-4029-b323-ad9c1e4a247c,http://maps.cathalac.org/downloads/data/cafta/bz_alos_palsar_poster_2010.zip,"download link","WWW:LINK-1.0-http--link","compressed pdf file for download"
56aa2949-0234-492f-b739-0de7bfbcabc7,http://maps.cathalac.org/downloads/data/temp/Atitlan/gt_at_19910903.zip,"download link","WWW:LINK-1.0-http--link","zip archive with data for download"
576803e4-3206-4bbd-9ca4-85cb1d407260,http://www.servir.net/images/desastres/2010-09-06_lluvia_gt/formosat-2_20100909_Guatemala.jpg,"download link","WWW:LINK-1.0-http--link","jpeg image for download"
57fdaeab-ec53-41f9-8c57-26ac36b85c9a,http://www.servir.net/images/desastres/2010-08-27_inund_NI/NI_inund_managua_20100901.jpg,"download link","WWW:LINK-1.0-http--link","jpeg image for download"
58ba0aea-e0b0-43a7-8bba-9e224bdd0a03,http://www.servir.net/images/stories/analisisambiental/rd5_20110802_tt_emily_mm5_.jpg,"download link","WWW:LINK-1.0-http--link","jpeg image for download"
59130a16-b287-4780-a4a5-329406055add,http://www.servir.net/images/desastres/2010-09-30_Inund_Xolotlan_NI/espejo_agua_xolotlan_19990224.zip,"download link","WWW:LINK-1.0-http--link","zip archive with data for download"
5bbed725-768b-4a01-b29d-cbd525f035b3,http://www.servir.net/images/stories/sv_imagery_2011_2048.jpg,"download link","WWW:LINK-1.0-http--link","jpeg image for download"
5bbed725-768b-4a01-b29d-cbd525f035b3,http://www.servir.net/images/stories/sv_imagery_2011_1024.jpg,"download link","WWW:LINK-1.0-http--link","jpeg image for download"
5bce0cc3-7a84-47e4-91fa-8cbb32c5b24a,http://www.servir.net/images/desastres/2010-05-30_Agatha_GT/san_miguel_ixtah_formasat-2_alta.jpg,"download link","WWW:LINK-1.0-http--link","jpeg image for download"
5c09d82f-5f48-4375-98c9-e877fe258011,http://www.servir.net/images/desastres/2009-11-11_inund_SV/comparacion_aster.html,"interactive viewer","WWW:LINK-1.0-http--link","interactive viewer"
5c519d22-ccd0-47c5-ac50-3397d33a51bb,http://maps.cathalac.org/downloads/data/temp/Atitlan/gt_at_19930103.zip,"download link","WWW:LINK-1.0-http--link","zip archive with data for download"
5d25b798-cb5a-4dd3-8ef6-ccaed81c657f,http://www.servir.net/images/desastres/2010-10-21_TT_Richard/bz_hurricane_richard_forest_damage_v3.jpg,"download link","WWW:LINK-1.0-http--link","jpeg image for download"
5d25b798-cb5a-4dd3-8ef6-ccaed81c657f,http://maps.cathalac.org/downloads/data/temp/servir_impacts_forest_hurricane_richard_v3.zip,"download link","WWW:LINK-1.0-http--link","zip archive with data for download"
5e260b22-d79e-462e-a46a-1278ee5e562f,http://www.servir.net/images/stories/ni_1024.png,"download link","WWW:LINK-1.0-http--link","png image for download"
5e260b22-d79e-462e-a46a-1278ee5e562f,http://maps.cathalac.org/downloads/data/cafta/ni_alos_palsar_poster_2010.zip,"download link","WWW:LINK-1.0-http--link","compressed pdf file for download"
5fcf9002-2c0d-4263-ac9b-e8e7b3e54ed8,http://maps.cathalac.org/downloads/data/temp/201110_1-16_precip_popdens_1024.gif,"download link","WWW:LINK-1.0-http--link","gif image for download"
5fcf9002-2c0d-4263-ac9b-e8e7b3e54ed8,http://maps.cathalac.org/downloads/data/temp/201110_1-16_precip_popdens.gif,"download link","WWW:LINK-1.0-http--link","gif image for download"
60c3b00d-175b-4a3c-aead-b0f5c3bacd25,http://www.servirglobal.net/Portals/0/Documents/Articles/Anaglyphs/canal_watershed_anaglyph.jpg,"download link","WWW:LINK-1.0-http--link","jpeg image for download"
61ebc913-f2c1-41c6-b78c-78d0bc600f09,http://www.servir.net/images/stories/analisisambiental/rd_20110802_tt_emily_1.jpg,"download link","WWW:LINK-1.0-http--link","jpeg image for download"
62605f00-4110-4c55-8995-7ed61fc48543,http://www.servir.net/images/desastres/2010-12-08_lluvia_PA/pn_anomalias_2010-Diciembre_poblados-alto.jpg,"download link","WWW:LINK-1.0-http--link","jpeg image for download"
631ad3a9-e58b-4333-920c-866ef205992a,http://www.servir.net/images/desastres/2009-11-11_inund_SV/FORMOSAT2-Guadalupe.jpg,"download link","WWW:LINK-1.0-http--link","jpeg image for download"
6435a1de-e199-41ff-b3c5-c5c7588181d6,http://www.servir.net/images/desastres/2010-09-06_lluvia_gt/gis_data/derrumbes_interamericana_tecpan_11_09_2010.zip,"download link","WWW:LINK-1.0-http--link","zip archive with data for download"
644d80ee-5860-46d6-a3c5-5fab2b51805d,http://www.servir.net/images/desastres/2010-01-21_Turrialba_CR/world_files/ALI_015_053_2010021_985.jpg,"download link","WWW:LINK-1.0-http--link","jpeg image for download"
644d80ee-5860-46d6-a3c5-5fab2b51805d,http://www.servir.net/images/desastres/2010-01-21_Turrialba_CR/world_files/ALI_015_053_2010021_985.jgw,"download link","WWW:LINK-1.0-http--link","Esri worldfile for download"
64e3ce5d-a28c-4367-aa60-63f8a614eccc,http://www.servir.net/images/desastres/2010-01-21_Turrialba_CR/world_files/ALI_015_053_2005170_543.jpg,"download link","WWW:LINK-1.0-http--link","jpeg image for download"
64e3ce5d-a28c-4367-aa60-63f8a614eccc,http://www.servir.net/images/desastres/2010-01-21_Turrialba_CR/world_files/ALI_015_053_2005170_543.jgw,"download link","WWW:LINK-1.0-http--link","Esri worldfile for download"
65bcab51-eed7-4edb-b38a-d0aefc639c74,http://www.youtube.com/v/8rHftGV5-r0##RESOURCE1_URL##hl=es_ES##RESOURCE1_URL##fs=1##RESOURCE1_URL##,"online video","WWW:LINK-1.0-http--link","online video"
66989d64-b073-4c53-ab2f-941ea63caf5a,http://www.servir.net/biodiversidad/images/1bocas.jpg,"download link","WWW:LINK-1.0-http--link","jpeg image for download"
66989d64-b073-4c53-ab2f-941ea63caf5a,http://evcc-panama.mcgill.ca,"web site","WWW:LINK-1.0-http--link","project web site"
676462b3-05c7-48a5-8274-3ac52b1d6037,http://maps.cathalac.org/downloads/data/temp/Atitlan/gt_at_19881105.zip,"download link","WWW:LINK-1.0-http--link","zip archive with data for download"
6784b8c6-274c-42c5-9050-254647de6210,http://www.servir.net/images/stories/analisisambiental/gt_lago_batimet2.jpg,"download link","WWW:LINK-1.0-http--link","jpeg image for download"
67f65805-2b01-4dcc-9f5b-d3b7ca07247a,http://www.servir.net/images/stories/analisisambiental/gt_sv_inunda_20111017_sonsonate_3.jpg,"download link","WWW:LINK-1.0-http--link","jpeg image for download"
67f65805-2b01-4dcc-9f5b-d3b7ca07247a,http://maps.cathalac.org/downloads/data/temp/inundaciones_gt_sv_oct_2011/sv_sonsonate_areas_inund_2011-10-17.kmz,"download link","WWW:LINK-1.0-http--link","Google Earth file for download"
683c3cf4-7f2f-4026-ba52-d93a8e14f9b4,http://www.servir.net/images/desastres/2010-01-21_Turrialba_CR/monitoreo_turrialba_20100204.jpg,"download link","WWW:LINK-1.0-http--link","jpeg image for download"
6a0288b8-6682-46a8-965b-f0b65f0b3828,http://www.servir.net/images/desastres/2010-10-21_TT_Richard/bz_hurricane_richard_central_aster.jpg,"download link","WWW:LINK-1.0-http--link","jpeg image for download"
6a7c8b64-c94d-4d9b-9d71-2f882a836274,http://www.servir.net/images/stories/analisisambiental/tormenta_alta_.jpg,"download link","WWW:LINK-1.0-http--link","jpeg image for download"
6ae4920b-0d1f-4744-9429-99c2528ae089,http://www.servir.net/images/desastres/2010-01-13_Terremoto_HT/ht_tremblement_repliques_20100120_hau.jpg,"download link","WWW:LINK-1.0-http--link","jpeg image for download"
6cb8d28e-ebc0-4a2d-88a7-104aa98eec8c,http://www.servir.net/images/desastres/2010-12-08_lluvia_PA/pn_pp_ac_dic_2010_cmorph_alta.jpg,"download link","WWW:LINK-1.0-http--link","jpeg image for download"
6d90ad76-92e5-4ca5-9170-a52a7ceffa8c,http://www.servirglobal.net/Portals/0/media_temp/Portals/1/documents/news/Windows-Live-Writer/guatemala_anaglyph.jpg,"download link","WWW:LINK-1.0-http--link","jpeg image for download"
6e500a17-cfc0-436a-8545-36d893d981d3,http://maps.cathalac.org/downloads/data/temp/Atitlan/gt_at_19981227.zip,"download link","WWW:LINK-1.0-http--link","zip archive with data for download"
6f53c492-0855-4534-ac9e-cdb60feffcbd,http://maps.cathalac.org/downloads/data/temp/Atitlan/gt_at_19861007.zip,"download link","WWW:LINK-1.0-http--link","zip archive with data for download"
6f931e88-398b-453f-9bab-eda6334c0c10,http://www.servir.net/images/stories/analisisambiental/dominica5_miracle_lake_optical_i.jpg,"download link","WWW:LINK-1.0-http--link","jpeg image for download"
6fdfa9ec-052f-471c-b805-3b2fc864e57a,http://www.servir.net/images/stories/analisisambiental/gt_sv_inunda_20111017_santa_rosa_3.jpg,"download link","WWW:LINK-1.0-http--link","jpeg image for download"
6fdfa9ec-052f-471c-b805-3b2fc864e57a,http://maps.cathalac.org/downloads/data/temp/inundaciones_gt_sv_oct_2011/gt_santa_rosa_areas_inund_2011-10-17.kmz,"download link","WWW:LINK-1.0-http--link","Google Earth file for download"
6fe7fbb1-f261-49fb-bb9d-6fa8381ce943,http://www.servir.net/images/stories/analisisambiental/n_spct_sv_rio_paz10_mm5.gif,"download link","WWW:LINK-1.0-http--link","gif image for download"
719241e2-e3a9-47cc-9225-6249239fd7ba,http://www.servir.net/images/desastres/2010-01-21_Turrialba_CR/world_files/ALI_015_053_2005170_953.jpg,"download link","WWW:LINK-1.0-http--link","jpeg image for download"
719241e2-e3a9-47cc-9225-6249239fd7ba,http://www.servir.net/images/desastres/2010-01-21_Turrialba_CR/world_files/ALI_015_053_2005170_953.jgw,"download link","WWW:LINK-1.0-http--link","Esri worldfile for download"
71c6565b-c2a0-4ef2-a7cc-1c3b3b101974,http://lance-modis.eosdis.nasa.gov/imagery/subsets/?project=other##RESOURCE1_URL##subset=SERVIR_Nicaragua.2010202.terra,"archive web page","WWW:LINK-1.0-http--link","imagery and metadata for download"
725fab47-ed79-4d3d-964b-91a16546a97a,http://www.servir.net/images/stories/analisisambiental/mes_anomalias_pp_2011-.jpg,"Anomalía de Precipitación, Año 2011, en Centroamérica, Haiti y República Dominicana","WWW:LINK-1.0-http--link","jpeg image for download"
74775c14-1333-4112-9b69-a0f73dbc0889,http://www.servir.net/images/desastres/2009-02-27_inundacion_RD/CATHALAC_SERVIR_Inundacion_RD_20090227.jpg,"download link","WWW:LINK-1.0-http--link","jpeg image for download"
74775c14-1333-4112-9b69-a0f73dbc0889,http://www.servir.net/images/desastres/2009-02-27_inundacion_RD/CATHALAC_SERVIR_Inundacion_RD_20090227.pdf,"download link","WWW:LINK-1.0-http--link","pdf file for download"
7488ec0c-2a26-4402-bc4e-2ee4742001d3,http://www.servir.net/images/desastres/2010-10-21_TT_Richard/gfs_regional_20101021_baja.jpg,"download link","WWW:LINK-1.0-http--link","jpeg image for download"
74d71115-9d63-461f-ac4d-046377ee1813,http://www.servir.net/images/desastres/2009-11-11_inund_SV/sv_guadalupe_nov09_high.jpg,"download link","WWW:LINK-1.0-http--link","jpeg image for download"
751a95d8-14ed-46a9-ac6a-02c6db702c21,http://www.servir.net/images/stories/analisisambiental/gt_sv_inunda_20111017_area_1.jpg,"download link","WWW:LINK-1.0-http--link","jpeg image for download"
75c65fac-1c4f-4be2-bff3-d8d2b9f2e7ef,http://www.servir.net/images/stories/analisisambiental/pn_inunda_20111023_david_3.jpg,"download link","WWW:LINK-1.0-http--link","jpeg image for download"
75c65fac-1c4f-4be2-bff3-d8d2b9f2e7ef,http://maps.cathalac.org/downloads/data/temp/inundaciones_pn_oct2011/Areas%20inundadas%20DAVID.KMZ,"download link","WWW:LINK-1.0-http--link","Google Earth file for download"
75cddfbc-37d1-4232-9c53-a0970621d66d,http://www.servir.net/images/desastres/2010-12-08_lluvia_PA/pn_distrito_panama_inundaciones_2010-12-09_high-res.jpg,"download link","WWW:LINK-1.0-http--link","jpeg image for download"
75cec989-dd95-4eb9-93e7-52e48798d1c5,http://www.servirglobal.net/Portals/0/Documents/Articles/Anaglyphs/salvador_anaglyph.jpg,"download link","WWW:LINK-1.0-http--link","jpeg image for download"
7a309425-0c37-4867-8012-2ec5f45b09fb,http://horn.rcmrd.org/data/geonode:lps_ea,"Regional Center for Mapping of Resources for Development (RCMRD), SERVIR Eastern and Southern Africa","WWW:LINK-1.0-http--link","Online link to the 'AFRICA EAST Livestock Production Systems IGAD-LPI [2009]' description on GeoNode"
7a309425-0c37-4867-8012-2ec5f45b09fb,http://localhost:8080/geonetwork/srv/en/resources.get?uuid=7a309425-0c37-4867-8012-2ec5f45b09fb&fname=lps_ea.tiff&access=private,"","WWW:DOWNLOAD-1.0-http--download","AFRICA EAST Livestock Production Systems IGAD-LPI [2009] (GeoTIFF Format)"
7a309425-0c37-4867-8012-2ec5f45b09fb,http://localhost:8080/geonetwork/srv/en/resources.get?uuid=7a309425-0c37-4867-8012-2ec5f45b09fb&fname=lps_ea.jpg&access=private,"","WWW:DOWNLOAD-1.0-http--download","AFRICA EAST Livestock Production Systems IGAD-LPI [2009] (JPEG Format)"
7a309425-0c37-4867-8012-2ec5f45b09fb,http://localhost:8080/geonetwork/srv/en/resources.get?uuid=7a309425-0c37-4867-8012-2ec5f45b09fb&fname=lps_ea.pdf&access=private,"","WWW:DOWNLOAD-1.0-http--download","AFRICA EAST Livestock Production Systems IGAD-LPI [2009] (PDF Format)"
7a309425-0c37-4867-8012-2ec5f45b09fb,http://localhost:8080/geonetwork/srv/en/resources.get?uuid=7a309425-0c37-4867-8012-2ec5f45b09fb&fname=lps_ea.png&access=private,"","WWW:DOWNLOAD-1.0-http--download","AFRICA EAST Livestock Production Systems IGAD-LPI [2009] (PNG Format)"
7a309425-0c37-4867-8012-2ec5f45b09fb,http://localhost:8080/geonetwork/srv/en/resources.get?uuid=7a309425-0c37-4867-8012-2ec5f45b09fb&fname=lps_ea.KML&access=private,"","WWW:DOWNLOAD-1.0-http--download","AFRICA EAST Livestock Production Systems IGAD-LPI [2009] (KML Format)"
7a309425-0c37-4867-8012-2ec5f45b09fb,http://localhost:8080/geonetwork/srv/en/resources.get?uuid=7a309425-0c37-4867-8012-2ec5f45b09fb&fname=lps_ea.KML&access=private,"","WWW:DOWNLOAD-1.0-http--download","AFRICA EAST Livestock Production Systems IGAD-LPI [2009] (View in Google Earth Format)"
7b9683d7-eb14-435d-ad1d-0789285b50fa,http://lance-modis.eosdis.nasa.gov/imagery/subsets/?project=other##RESOURCE1_URL##subset=SERVIR_Nicaragua.2010237.aqua,"archive web page","WWW:LINK-1.0-http--link","imagery and metadata for download"
7fae90f8-6e6f-4bed-99bf-d87e5e1c5e9d,http://www.servir.net/images/desastres/2010-09-30_Inund_Xolotlan_NI/espejo_agua_xolotlan_19980512.zip,"download link","WWW:LINK-1.0-http--link","zip archive with data for download"
7fbde33d-7a47-46d8-aef3-d74d7b3603c4,http://lance-modis.eosdis.nasa.gov/imagery/subsets/?project=other##RESOURCE1_URL##subset=SERVIR_Nicaragua.2010232.terra,"archive web page","WWW:LINK-1.0-http--link","imagery and metadata for download"
804a10e1-3c1a-4c41-9ec0-46708954b509,http://www.servir.net/images/desastres/2010-09-30_Inund_Xolotlan_NI/espejo_agua_xolotlan_19980325.zip,"download link","WWW:LINK-1.0-http--link","zip archive with data for download"
8071eebd-e272-4ff9-a5a0-68514517e593,http://maps.cathalac.org/downloads/data/temp/Atitlan/gt_at_20101204.zip,"download link","WWW:LINK-1.0-http--link","zip archive with data for download"
8088b091-fb65-4a28-b411-b6ac481e9f6d,http://www.servir.net/images/desastres/2010-09-06_lluvia_gt/gis_data/inundaciones_suroccidente_gt_10sep2010.zip,"download link","WWW:LINK-1.0-http--link","zip archive with data for download"
8116939e-7d46-42a2-93cd-ac270c69998f,http://www.servir.net/images/stories/analisisambiental/rd5_pp_anomalia_.jpg,"download link","WWW:LINK-1.0-http--link","jpeg image for download"
81c9bf21-6f6d-48f0-a547-11f240388002,http://www.servir.net/images/desastres/2009-02-27_inundacion_RD/CATHALAC_SERVIR_Inundacion_RD_lago_20090304.jpg,"download link","WWW:LINK-1.0-http--link","jpeg image for download"
81c9bf21-6f6d-48f0-a547-11f240388002,http://www.servir.net/images/desastres/2009-02-27_inundacion_RD/CATHALAC_SERVIR_Inundacion_RD_lago_20090304_med.jpg,"download link","WWW:LINK-1.0-http--link","jpeg image for download"
82d40cd3-7ca4-4b6b-91f6-f5ff1a017378,http://www.servirglobal.net/Portals/0/Documents/Articles/Anaglyphs/costa_rica_anaglyph.jpg,"download link","WWW:LINK-1.0-http--link","jpeg image for download"
84426d4d-fc20-47ad-92c7-85f3cf69c106,http://www.servir.net/images/desastres/2010-05-28_Pacaya_GT/GT_pacaya_jun2010.jpg,"download link","WWW:LINK-1.0-http--link","jpeg image for download"
8448750f-ddc6-4500-a05c-d59ce6817cd2,http://www.servir.net/images/stories/analisisambiental/20111024_goes.jpg,"download link","WWW:LINK-1.0-http--link","jpeg image for download"
85d162ca-5947-46c9-a65d-d89b2b2b9d75,http://www.servir.net/images/stories/analisisambiental/incendios_mbaja.jpg,"download link","WWW:LINK-1.0-http--link","jpeg image for download"
87eb1770-5bd8-4ef8-b350-44bb22cd6755,http://www.servir.net/images/desastres/2010-09-06_lluvia_gt/guate_cmorph_20100904.jpg,"download link","WWW:LINK-1.0-http--link","jpeg image for download"
88032be6-8086-4fff-b16f-7ced7e968fd6,http://maps.cathalac.org/downloads/data/temp/Atitlan/gt_at_20041101.zip,"download link","WWW:LINK-1.0-http--link","zip archive with data for download"
89eab375-ed3a-44b7-a8a7-0077c96be1e0,http://www.servir.net/images/desastres/2010-05-28_Pacaya_GT/pacaya_gen_20100528.jpg,"download link","WWW:LINK-1.0-http--link","jpeg image for download"
8b069259-af6a-47cb-927e-4df5d89965cc,http://www.servir.net/images/stories/analisisambiental/rd5_escorrentia_anomalia.jpg,"download link","WWW:LINK-1.0-http--link","jpeg image for download"
8ba6210b-a889-4b58-afe2-919b144e2143,http://www.servir.net/images/stories/analisisambiental/gf_atitlan_sl_animacion.gif,"La gráfica del cambios en la superficie de área, del Lago Atitlán","WWW:LINK-1.0-http--link","gif image for download"
8cafb662-eae9-4e70-bb9d-139bbff7a96d,http://www.servir.net/images/stories/analisisambiental/gt_sv_inunda_20111017_escuintla_3.jpg,"download link","WWW:LINK-1.0-http--link","jpeg image for download"
8cb96e13-3cd4-4d14-90c8-7506051682e1,http://www.servir.net/images/stories/analisisambiental/pn_inunda_20111023_alanje3.jpg,"download link","WWW:LINK-1.0-http--link","jpeg image for download"
8cb96e13-3cd4-4d14-90c8-7506051682e1,http://maps.cathalac.org/downloads/data/temp/inundaciones_pn_oct2011/Areas%20inundadas%20ALANJE.KMZ,"download link","WWW:LINK-1.0-http--link","Google Earth file for download"
8d972c19-6835-4000-8a5b-67da3f42f7d5,http://www.servir.net/images/desastres/2010-01-21_Turrialba_CR/world_files/AST_2009161_321.jpg,"download link","WWW:LINK-1.0-http--link","jpeg image for download"
8d972c19-6835-4000-8a5b-67da3f42f7d5,http://www.servir.net/images/desastres/2010-01-21_Turrialba_CR/world_files/AST_2009161_321.jgw,"download link","WWW:LINK-1.0-http--link","Esri worldfile for download"
8da08083-7ca7-4a57-99c5-e431ab4b023f,http://www.servir.net/images/desastres/2010-05-30_Agatha_GT/agatha_guate_bajaverapaz_20100616.jpg,"download link","WWW:LINK-1.0-http--link","jpeg image for download"
8eac01c2-28ca-41f1-ae98-cd85027f960b,http://lance-modis.eosdis.nasa.gov/imagery/subsets/?project=other##RESOURCE1_URL##subset=SERVIR_Panama.2011137.terra,"archive web page","WWW:LINK-1.0-http--link","imagery and metadata for download"
8ee4271b-0dfb-4c38-95c2-141099d267cc,http://www.servir.net/images/stories/analisisambiental/trmm_panama_2011-09_5-11.jpg,"download link","WWW:LINK-1.0-http--link","jpeg image for download"
8f86610c-53f9-4169-803b-5f50c0dd9387,http://www.servir.net/images/desastres/2010-05-28_Pacaya_GT/pacaya_material_rep_20100528.jpg,"download link","WWW:LINK-1.0-http--link","jpeg image for download"
8fea3aed-ce12-4ee4-bbaa-9e6c5eb81750,http://www.servir.net/images/stories/20111028_12E_Cerron_Grande_6600_hi.jpg,"download link","WWW:LINK-1.0-http--link","jpeg image for download"
8fea3aed-ce12-4ee4-bbaa-9e6c5eb81750,http://www.servir.net/images/stories/20111028_12E_Cerron_Grande_3072_med.jpg,"download link","WWW:LINK-1.0-http--link","jpeg image for download"
90001fb2-f9b9-4294-a6b4-51d3a4b6134f,http://www.servirglobal.net/mesoamerica/LakeAtitlan/NDVI.aspx,"interactive viewer","WWW:LINK-1.0-http--link","interactive viewer"
93677605-70c6-431e-a737-4109bceb1b08,http://www.servir.net/images/stories/analisisambiental/goes_201110_12.jpg,"download link","WWW:LINK-1.0-http--link","jpeg image for download"
93d667aa-1be1-4fa1-873a-d1587c1bdaab,http://www.servir.net/images/desastres/2010-05-30_Agatha_GT/tormenta_Agatha_Pp_Ac_alta.jpg,"download link","WWW:LINK-1.0-http--link","jpeg image for download"
940530a5-7639-4216-8a9e-8a1b01d65711,http://www.servir.net/images/desastres/2010-09-06_lluvia_gt/guate_3_priorities.jpg,"download link","WWW:LINK-1.0-http--link","jpeg image for download"
96604a46-358b-4ba4-a996-efce8fef29d0,http://www.servir.net/images/stories/analisisambiental/gt_sv_inunda_20111017_jalapa_3.jpg,"download link","WWW:LINK-1.0-http--link","jpeg image for download"
96604a46-358b-4ba4-a996-efce8fef29d0,http://maps.cathalac.org/downloads/data/temp/inundaciones_gt_sv_oct_2011/gt_jalapa_areas_inund_2011-10-17.kmz,"download link","WWW:LINK-1.0-http--link","Google Earth file for download"
96b803dd-4aba-47a3-81c6-d6d8c0db62d9,http://maps.cathalac.org/downloads/data/temp/Atitlan/gt_at_20100211.zip,"download link","WWW:LINK-1.0-http--link","zip archive with data for download"
97e0a767-bc26-4702-8ef8-bb438b3b41a3,http://www.servir.net/images/desastres/2008-05-10_contrac_lagoPeten_GT/gt_petenitza_08.jpg,"download link","WWW:LINK-1.0-http--link","jpeg image for download"
989f1255-de01-4c1e-89cf-31c4402106b1,http://www.servir.net/images/stories/analisisambiental/n_spct_gt_rio_atitlan2_wc.gif,"download link","WWW:LINK-1.0-http--link","gif image for download"
990a62b2-73eb-43c9-b255-ade67bb53dea,http://www.servir.net/images/desastres/2009-11-11_inund_SV/FORMOSAT2-Verapaz.jpg,"download link","WWW:LINK-1.0-http--link","jpeg image for download"
99caf19b-653b-4301-9d9e-75245f6f4d68,http://maps.cathalac.org/downloads/data/temp/Atitlan/gt_at_19900119.zip,"download link","WWW:LINK-1.0-http--link","zip archive with data for download"
9b548c9c-73ba-46f6-9213-dfb08dce9090,http://www.servir.net/cc_biod/species_cathalac.zip,"download link","WWW:LINK-1.0-http--link","zip archive with imagery for download"
9cc90827-6b02-4010-a481-57e62d0336c4,http://www.servir.net/images/desastres/2010-03-18_LagunaTigre_GT/landsat/LT50200481993107AAA04.zip,"download link","WWW:LINK-1.0-http--link","zip archive with imagery for download"
9cd60fb7-cc82-4476-a7fe-5e25e746403f,http://www.servir.net/images/stories/analisisambiental/vista_severidad_cambios2.jpg,"download link","WWW:LINK-1.0-http--link","jpeg image for download"
9cd60fb7-cc82-4476-a7fe-5e25e746403f,http://maps.cathalac.org/downloads/kml/severidad_cambios_2011_1-9_.kmz,"download link","WWW:LINK-1.0-http--link","Google Earth file for download"
9d077303-112b-4cd3-a6f0-6a1ad7991ad2,http://www.servir.net/images/desastres/2009-11-11_inund_SV/sv_costas_sedimentacion_nov09_high.jpg,"download link","WWW:LINK-1.0-http--link","jpeg image for download"
9d7afdb0-0ab3-4831-8158-8a5d01fc5b55,http://www.servir.net/images/desastres/2010-05-30_Agatha_GT/comitancillo_formasat-2_inundac_alta.jpg,"download link","WWW:LINK-1.0-http--link","jpeg image for download"
9dc39fbf-3050-4c8c-80ae-0c26e1779bae,http://www.servir.net/images/desastres/2010-05-30_Agatha_GT/radarsat_alta_.jpg,"download link","WWW:LINK-1.0-http--link","jpeg image for download"
9e1f4981-68b9-4ed2-a64d-fd0d77584a18,http://www.servir.net/images/desastres/2010-09-06_lluvia_gt/derrumbe_mapa_solola_i1_high.jpg,"download link","WWW:LINK-1.0-http--link","jpeg image for download"
9f26e7b2-4f67-45f9-bc56-b2b0a911af43,http://www.servir.net/images/stories/analisisambiental/n_spct_gt_rio_atitlan2.gif,"download link","WWW:LINK-1.0-http--link","gif image for download"
9f8f3edf-879c-443a-8e4e-b6ed027beec5,http://www.servir.net/wv2/gt2_at_1986_2011.gif,"Imágenes Landsat TM 4 - 5, Landsat 7 ETM+ y Alos Palsar","WWW:LINK-1.0-http--link","gif image for download"
a1a600ab-d586-4aef-be49-0a174050d364,http://www.servir.net/images/stories/analisisambiental/cmorph_sv_2011-09_11_18_100.jpg,"download link","WWW:LINK-1.0-http--link","jpeg image for download"
a29bd694-05b0-4593-9e76-639948786e60,http://lance-modis.eosdis.nasa.gov/imagery/subsets/?project=other##RESOURCE1_URL##subset=SERVIR_Nicaragua.2010244.aqua,"archive web page","WWW:LINK-1.0-http--link","imagery and metadata for download"
a2a0dd33-3c95-4682-bb85-34194cc99ec7,http://maps.cathalac.org/downloads/data/temp/Atitlan/gt_at_19900204.zip,"download link","WWW:LINK-1.0-http--link","zip archive with data for download"
a397dbd0-38d0-4dc3-8250-60958900c1c8,http://www.servir.net/images/stories/puente_salamar_20111028_3855.jpg,"download link","WWW:LINK-1.0-http--link","jpeg image for download"
a397dbd0-38d0-4dc3-8250-60958900c1c8,http://www.servir.net/images/stories/puente_salamar_20111028_2048.jpg,"download link","WWW:LINK-1.0-http--link","jpeg image for download"
a3e14b21-19b2-4f54-8918-d3271af4dd29,http://www.servir.net/images/desastres/2010-12-08_lluvia_PA/pn_anomalias_2010-Diciembre_total_alto.jpg,"download link","WWW:LINK-1.0-http--link","jpeg image for download"
a405e0dd-28e3-45c2-9762-70f0672af511,http://www.servir.net/images/stories/analisisambiental/cam_ppac_201110_1-16_2.jpg,"download link","WWW:LINK-1.0-http--link","jpeg image for download"
a650afce-85ea-4841-b96e-450161649a5c,http://www.servir.net/images/desastres/2010-01-21_Turrialba_CR/world_files/AST_2009161_321_zoom.jpg,"download link","WWW:LINK-1.0-http--link","jpeg image for download"
a650afce-85ea-4841-b96e-450161649a5c,http://www.servir.net/images/desastres/2010-01-21_Turrialba_CR/world_files/AST_2009161_321_zoom.jgw,"download link","WWW:LINK-1.0-http--link","Esri worldfile for download"
a7bc9d57-574a-4064-95eb-9688fc757e84,http://www.servir.net/images/stories/analisisambiental/cam4_anomalias_201109_1-30.jpg,"download link","WWW:LINK-1.0-http--link","jpeg image for download"
aa2fc6da-1898-4661-8304-d5b5f1552490,http://www.servir.net/images/stories/2gfs030hr_925_wnd_2.gif,"download link","WWW:LINK-1.0-http--link","gif image for download"
aa2fc6da-1898-4661-8304-d5b5f1552490,http://weather.rap.ucar.edu/model/displayMod.php?var=gfs_925_wnd##RESOURCE2_URL##loop=1,"interactive viewer","WWW:LINK-1.0-http--link","interactive viewer"
ab108acf-744f-4aaa-b2db-f7df672e02cf,http://www.servir.net/images/desastres/2010-05-30_Agatha_GT/aster_chixcoy_alta.jpg,"download link","WWW:LINK-1.0-http--link","jpeg image for download"
ab553164-56d5-4493-9f41-4639c18ac41c,http://www.servir.net/images/stories/analisisambiental/sv_inund_oct2011_7.jpg,"download link","WWW:LINK-1.0-http--link","jpeg image for download"
ac12cd12-aaa6-48b4-870e-939ee597c093,http://maps.cathalac.org/downloads/data/temp/Atitlan/gt_at_19871010.zip,"download link","WWW:LINK-1.0-http--link","zip archive with data for download"
ad53f919-a4f2-4fa4-b479-a205b2ba0325,http://www.servir.net/images/stories/analisisambiental/rdm1_20110803_tt_emily_modis_.jpg,"download link","WWW:LINK-1.0-http--link","jpeg image for download"
ad5d4d59-e138-40c2-b0f5-9fe5fba9f2c6,http://www.servir.net/images/desastres/2010-05-30_Agatha_GT/MOTAGUA_FINAL_alta.jpg,"download link","WWW:LINK-1.0-http--link","jpeg image for download"
ad5d4d59-e138-40c2-b0f5-9fe5fba9f2c6,http://www.servir.net/images/desastres/2010-05-30_Agatha_GT/raster_areas%20inhundadas_1-julio.rar,"download link","WWW:LINK-1.0-http--link","rar archive with data for download"
ad85a038-62d9-4309-8222-aa08f314b3ab,http://www.servir.net/images/stories/analisisambiental/anim_3_pn_201110.gif,"download link","WWW:LINK-1.0-http--link","gif image for download"
ae533c27-a5f5-4af7-a922-7c08f8957123,http://www.servir.net/images/desastres/2010-03-18_LagunaTigre_GT/GT_grafica_pc_lagunatigre.png,"download link","WWW:LINK-1.0-http--link","png image for download"
af2ea61c-e43d-46b4-a6d1-e16e5c74e119,http://www.servir.net/images/desastres/2010-05-30_Agatha_GT/amatitlan_spot_agatha.jpg,"download link","WWW:LINK-1.0-http--link","jpeg image for download"
af564278-0c7f-4bfc-93dd-5d4467d1aa64,http://www.servir.net/images/desastres/2010-01-13_Terremoto_HT/port-au-prince_dock_20090114_moy.jpg,"download link","WWW:LINK-1.0-http--link","jpeg image for download"
af564278-0c7f-4bfc-93dd-5d4467d1aa64,http://www.servir.net/images/desastres/2010-01-13_Terremoto_HT/port-au-prince_dock_20090114_hau.jpg,"download link","WWW:LINK-1.0-http--link","jpeg image for download"
75cf280f-db53-4549-b189-e63a9b7d1710,http://www.servir.net/images/desastres/2010-01-13_Terremoto_HT/port-au-prince_degats_central_20100114_moy.jpg,"download link","WWW:LINK-1.0-http--link","jpeg image for download"
75cf280f-db53-4549-b189-e63a9b7d1710,http://www.servir.net/images/desastres/2010-01-13_Terremoto_HT/port-au-prince_degats_central_20100114_hau.jpg,"download link","WWW:LINK-1.0-http--link","jpeg image for download"
75e09188-e569-4618-bc4d-89c382c21463,http://www.servir.net/images/desastres/2010-10-21_TT_Richard/mm5_pcp_20101021-24.gif,"download link","WWW:LINK-1.0-http--link","gif image for download"
766c1c56-520c-4198-985e-982ac8db78d2,http://www.servir.net/cc_biod/ccsi_cathalac.zip,"download link","WWW:LINK-1.0-http--link","zip archive with imagery for download"
7900ce69-ec6a-4897-80da-0390da21c180,http://www.servir.net/images/desastres/2009-11-11_inund_SV/sv_puentes_danados_PUENTE_SOBRE_25_AV.jpg,"download link","WWW:LINK-1.0-http--link","jpeg image for download"
79828003-7f36-4e7d-8d24-f6d4c89a8fd0,http://www.servir.net/images/stories/analisisambiental/n_spct_sv_rio_paz10.gif,"download link","WWW:LINK-1.0-http--link","gif image for download"
79b53e45-c396-44cf-b644-9f9de99eae31,http://www.servir.net/images/stories/analisisambiental/n_spct_gt_rio_salama1.gif,"download link","WWW:LINK-1.0-http--link","gif image for download"
1af597e0-1047-4883-8deb-b3652e46609d,,"e.g. download link","","Data (or Image) for download"
2edebbb2-56e9-414b-aaf4-e141b472ed4e,,"e.g. download link","","Data (or Image) for download"
4288698e-cf5f-48e5-9869-d76de4a264ac,,"e.g. download link","","Data (or Image) for download"
b6664cf2-e99a-469b-8725-5b32cb1f983e,,"e.g. download link","","Data (or Image) for download"
a1e07505-edff-4e21-b171-d11085d9b147,http://whrc.org/publications-data/datasets/pantropical-national-level-carbon-stock/,"Pantropical National Level Carbon Stock Dataset","WWW:LINK-1.0-http--link","Access the URL and look for the link for the form to fill out for data access."
d2247adb-17fc-4a6e-ab19-d3ada7754460,http://whrc.org/publications-data/datasets/vegetation-carbon-stock-corridors/,"Vegetation Carbon Stock Corridors Dataset","WWW:LINK-1.0-http--link","Access the URL and look for the link for the form to fill out for data access."
2dd0eb7f-14a0-4c1c-aa22-14c382ba8ee6,http://iridl.ldeo.columbia.edu/SOURCES/.NASA/.JPL/.wetlands/.dailyinundation/,"Daily Inundation","WWW:LINK-1.0-http--link","Daily inundation derived from ERS, QSACT and ASCAT. 25km spatial resolution."
2dd0eb7f-14a0-4c1c-aa22-14c382ba8ee6,http://iridl.ldeo.columbia.edu/SOURCES/.NASA/.JPL/.wetlands/.sixdayInnundation/,"Six Day Inundation","WWW:LINK-1.0-http--link","Six-day anomaly inundation derived from ERS, QSACT and ASCAT. 25km spatial resolution."
2dd0eb7f-14a0-4c1c-aa22-14c382ba8ee6,http://iridl.ldeo.columbia.edu/SOURCES/.NASA/.JPL/.wetlands/.tendayInundation/,"Ten Day Inundation","WWW:LINK-1.0-http--link","Ten-day inundation derived from ERS, QSACT and ASCAT. 25km spatial resolution."
f7cf3d0d-c27e-41fd-ae63-dd01f9839181,http://gis1.servirglobal.net/arcgis/services/Global/SoilMoisture/MapServer/WMSServer,"1","OGC:WMS-1.3.0-http-get-map","Image"
f7cf3d0d-c27e-41fd-ae63-dd01f9839181,http://nsidc.org/data/SPL3SMP#,"National Snow and Ice Data Center (NSIDC)","WWW:LINK-1.0-http--link","SMAP data information from a NASA Distributed Active Archive Center (DAAC) web site."
90dc9b46-9f59-4d28-a6db-63af5d891ee7,http://maproom.meteorwanda.gov.rw/maproom/,"Meteo Rwanda Maproom","WWW:LINK-1.0-http--link","ENACTS Rainfall and Temperature in the Rwanda Maproom"
90dc9b46-9f59-4d28-a6db-63af5d891ee7,http://maproom.meteo.go.tz/maproom/,"Meteo Tanzania Maproom","WWW:LINK-1.0-http--link","ENACTS Rainfall and Temperature in the Tanzania Maproom"
90dc9b46-9f59-4d28-a6db-63af5d891ee7,https://iri.columbia.edu/resources/enacts/,"ENACTS at IRI - Columbia University","WWW:LINK-1.0-http--link","A unique, multi-faceted initiative designed to bring climate knowledge into national decision making by improving availability, access to, and use of climate information."
ec5da150-d043-414a-80cd-1b750debd805,http://gis1.servirglobal.net/arcgis/services/Global/IMERG_30Min/MapServer/WMSServer,"1","OGC:WMS-1.3.0-http-get-capabilities","30 Minute Rainfall Accumulation"
ec5da150-d043-414a-80cd-1b750debd805,http://gis1.servirglobal.net/arcgis/services/Global/IMERG_Accumulations/MapServer/WMSServer,"2","OGC:WMS-1.3.0-http-get-capabilities","IMERG1Day"
ec5da150-d043-414a-80cd-1b750debd805,http://gis1.servirglobal.net/arcgis/services/Global/IMERG_Accumulations/MapServer/WMSServer,"5","OGC:WMS-1.3.0-http-get-capabilities","IMERG3Day"
ec5da150-d043-414a-80cd-1b750debd805,http://gis1.servirglobal.net/arcgis/services/Global/IMERG_Accumulations/MapServer/WMSServer,"8","OGC:WMS-1.3.0-http-get-capabilities","IMERG7Day"
ec5da150-d043-414a-80cd-1b750debd805,http://gis1.servirglobal.net/arcgis/rest/services/Global/IMERG_30Min/MapServer,"IMERG 30Min REST Map Service URL","WWW:LINK-1.0-http--link","Precipitation data (measured in tenths of a millimeter (mm x 10^1)) from the Integrated Multi-satellitE Retrievals (IMERG) for Global Precipitation Mission (GPM). This is a 30 Minute intensity map - Legend has been adjusted to represent mm/hr."
ec5da150-d043-414a-80cd-1b750debd805,http://gis1.servirglobal.net/arcgis/rest/services/Global/IMERG_Accumulations/MapServer,"IMERG Accumulations REST Map Service URL","WWW:LINK-1.0-http--link","Precipitation data (measured in tenths of a millimeter (mm x 10^1)) accumulated over 7, 3, and 1 Days from the Integrated Multi-satellitE Retrievals (IMERG) for Global Precipitation Mission (GPM)."
