Identifier,Title
b02e2d31-e747-473e-9428-59e903752ec4,"Ecosystem Vulnerability to Climate Change"
b113ed0c-3ef4-4c7d-8000-d23a628c5d92,"Panama"
b18a4eef-606e-40fb-a256-ce81a0d75ffb,"Lake Atitlans surface extent data in GIS format - 1993 Nov 27"
b23aab7b-2413-42b9-b21a-b8aee008edac,"Accumulated Precipitation and Forecasted Precipitation, November 2010"
b29f812d-55f0-43a5-9c60-53135070ffbd,"Lahar sediment deposits and landslides identified along Rio Acahuapa in the Department of San Vicente, El Salvador, 11 Nov 2009"
b3d5ba3d-f58c-4b54-8e85-7e2b8e86b697,"Hydrometeorological events in Central America and the Caribbean, 2011 -- Precipitation Change Severity Index for Central America, Haiti and the Dominican Republic, 2011"
b445a751-55b9-4793-b41e-51e5b4881f6b,"El Achiotal"
b448ab1f-6aa2-41c0-ae78-133c05cc1ba2,"Djibouti Food Insecurity Phase 2011"
b46cdd7b-f473-48bd-b5fc-a9ee255a01fb,"Chlorophyll detection in Lake Izabal, Guatemala"
b4c22cee-fcbc-4fe6-84b3-51bd46bf2369,"Sediment Plumes caused by Tropical Storm Nicole near Kingston, Jamaica"
b4de6772-c59e-44bf-84bd-250f5ff76d24,"Rio Lempa Watershed - Sediment concentration (Normal historic precipitation)"
b4eaecfb-aee3-4712-aa77-ee53148aa79d,"Ecosystems of Central America, Mexico and Dominican Republic"
b795555c-0285-48b3-b3d0-3be96833a7ba,"Surface temperature of Lake Atitlan, for the date of May 13, 2011"
b8771353-9731-4bda-81b9-2fd35030e0f4,"Landslides on Pan-American Highway, Tecpan"
b91f1961-f76f-4869-a1dc-0adead96cd66,"ALI image, 19 June 2005, Volcán Turrialba, false color (near infrared, red, green)"
b9cc9713-6ed4-4678-9b90-1ee72cf9ce0d,"Lake Atitlans surface extent data in GIS format - 1992 Dec 10"
ba5865a0-40bd-4be4-91cf-1000bdfab565,"Landsat 3 MSS Image of Laguna del Tigre National Park, Petén, Guatemala (6 February 1979)"
bbfb2437-0088-4add-aee3-213ccb1f51ae,"ALI image, 21 January 2010, Volcán Turrialba, false color (mid infrareds, near infrared)"
be56f80f-cf22-445a-aa71-fc1d516a0c48,"Earthquake Location and Magnitude Map"
bf632de9-522c-41c9-97b8-e2a09c42d21d,"Tropical Storm Emily Over the Caribbean, August 2011-08-09 - Item 2"
bf6de3c2-3a60-4abb-8ccf-6479e7a9da37,"Belize"
bfe43315-d617-45d1-bb7a-752dd27f6302,"Surface runoff animation"
c1046c83-94fe-43c4-a448-c2855787d7ab,"Floods along the Hope River and Sedimentation in Bull Bay near Kingston, Jamaica"
c1682bce-7c22-437f-8a1c-09be8e263d34,"San Pedro La Laguna"
c16c5718-a1a8-4254-9621-20054ddc44bd,"Visual comparison of changes from year 2006 to 2010 - Municipality of San Pedro La Laguna"
c1ebe556-eeec-49e7-a974-4ff01b5c5f5d,"Damages identified in San Vicente in the Department of San Vicente, El Salvador, 11 Nov 2009"
c2119516-7dff-486d-862d-8b5a81e2c42c,"Jutiapa, Guatemala"
c33af9c5-b0e0-4f5c-9f37-1c6122c86a89,"Accumulated Rainfall, 1-8 October, 2011"
c3bff740-302d-4a65-86f9-79866d0cf794,"Floods along Rio Las Vacas, in the departmental border of El Progreso, Guatemala and Baja Verapaz"
c55abc8b-53e2-49cb-bc70-28b9c2fcabe6,"Changes in the surface area of Lake Atitlan, Guatemala, 1986-2011 -- Lake Atitlan surface extent data in GIS format - 1994 Mar 3"
c5e53609-e6f7-4456-ac77-9edfa5046d15,"Topography of the Rio San Juan and Lake Nicaragua Watersheds"
c684bc98-a690-4d87-bca9-f30f431c01d8,"Lake Atitlans surface extent data in GIS format - 2000 Jan 15"
c85ca129-d58b-4f65-b434-4a7a6a211685,"Mosaic of Landsat-5 images covering the Managua and Leon areas, Nicaragua - Mar-May 1998 (pre-Mitch)"
c86a67d9-6164-4c09-b0d6-d6439537f5da,"Floods detected in Rio Lempa, El Salvador"
c874c42a-53a4-4642-b187-e467beda0411,"3.5 week accumulated precipitation, 1-26 September 2010, and Affected Areas in El Salvador"
c900f12d-be38-4387-bd5d-290e8607d42c,"Lake Atitlans surface extent data in GIS format - 1995 Mar 22"
ca614a6a-a609-43de-bc51-ccec886c4fe2,"Eastern Africa Inland Water Lines"
cac7d6ea-a8ac-4707-8158-aeee1739730f,"Mosaico de imágenes Landsat-5 del área de Managua y el Lago de Managua o Xolotlán, Nicaragua, 12 de diciembre de 1998."
caec43df-36ba-439a-9388-945f8244fe37,"Accumulated precipitation in Mesoamerica"
caf1b54b-6ae6-4980-81c2-364e643fc547,"Case study of floods provoked by Hurricane Mitch in Lake Managua or Xolotlan, May  Dec 1998"
cb52da75-f906-49c0-9954-036e39363e25,"SERVIR analysis of heavy rains in the region of Central America and the Caribbean 2011 - Item 8"
cc18cc13-6766-4406-a029-7ef9b0e45012,"Population Density of the affected area"
ce303646-31d0-44ea-8103-ba344a3a54c8,"ALI image, 19 June 2005, Volcán Turrialba, true color"
cf5e1da2-f80d-4bb1-bdce-814665e8e65a,"Belize forest cover changes 1980-2010 - Item 2"
d10b6242-9bfb-4ea2-99b6-62a733832539,"Annual Monitoring of Hot Spots - Map"
d2d1a2bc-f577-45c4-8d98-24660eb7bbb2,"Landslides on Pan-American Highway, Solola and Quiche"
d306c94e-e041-4a8d-8b7d-b3030b924b98,"Guatemalan settlements with landslide hazard"
d5546484-3355-407c-9d5c-671123f0b820,"Lake Atitlans surface extent data in GIS format - 2011 Jan 5"
d8c927f9-b313-4f28-b210-fa86e46fc0af,"Lake Atitlán Watershed - Sediment concentration (Precipitation 11-13 October 2011)"
d97eac46-a3eb-48b3-9fbd-df7404fe4ecf,"Tropical Storm Emily Over the Caribbean, August 2011-08-09 - Item 1"
daf9b268-3ab4-4705-a695-7ce9cc2a9dc0,"Lake Atitlans surface extent data in GIS format - 1998 May 17"
db4343cd-27fa-4294-85b7-20122ab7f833,"Estimate of Accumulated Precipitation Anomaly, November 2010"
dbadefe4-a263-498e-9dfd-da4f4c90c817,"Nicaragua"
dc9a991c-e834-4f7f-b889-3529981d3141,"Formosat-2 satellite image of Tecpan, Guatemala"
e0a40971-6009-4763-b60d-282973525e4a,"Convergence of Tropical Storm Ida and Low Pressure System 96E"
e17787b3-d011-4982-95d8-09f99aef0779,"Puente Huiza damaged in La Libertad, Canton Melara in El Salvador"
e2268418-8f73-40ee-9f69-ff6b8ea64ce8,"Panama, Chiriqui Province - Gualaca"
e2e0c97f-b3cd-4294-8be4-187c047fc353,"USGS map interface for real-time seismic events"
e361e5bf-0e13-42bf-bacf-fde00e5733a5,"Regional Analyses of Precipitation Anomalies under one scenario in the 2020s"
e370d3d2-38b9-49cf-a6fd-09810ae0aa40,"Critical areas for Conservation: Climate Change and Biodiversity in Central America, Mexico, and the Dominican Republic"
e4743710-3d5d-4453-af43-838ab83b2b52,"Sediment deposits along Rio Huiza and Rio Tihuapa in La Libertad, El Salvador"
e55a07ce-ac29-4e97-80ad-0e80fc403984,"National ALOS PALSAR Imagery Mosaics - Dominican Republic"
e5da4562-7986-48da-a9b6-f4a544cf27bd,"Formosat-2 satellite image of the Southwestern part of Guatemala: Retalhuleu and Quetzaltenango"
e5ff2551-9e7c-49be-8057-ab0b2121f271,"Preliminary analysis of flooded areas in the District of Colon, Panama, 9 December 2010"
e679a7e0-ed91-4c1c-a1f3-06c001b310f4,"Mosaic of Landsat-5 images covering the Managua and Leon areas, Nicaragua - 12 Dec 1998 (post-Mitch)"
e68c8924-c995-4853-9887-1b6b5438a721,"NDVI Visualization for 2010"
ea378cf4-1ff5-4a47-9704-18fcfe19c5bd,"Lake surface area changes, between 1988 and 2009 (Landsat Thematic Mapper 5) - Item 2"
ec590684-23c8-4373-8f4d-716a46f19f0f,"Susceptibility to Erosion per administrative region in Haiti"
edbf43c0-4646-4ced-b061-3d5195074a1f,"Panama, Chiriqui Province - Bugaba"
edd9f1db-7c18-47f8-8a46-5c1ddc587ec2,"Belize forest cover changes 1980-2010 - Item 1"
ee3140e4-3b1a-485a-8c2a-3c017c5d02a3,"Accumulated Rainfall, 1-8 October, 2011 - Panama"
ee5be36f-cc12-4445-aac7-5ce4483e514b,"Tropical Storm Maria and weather for Central America and the Caribbean, September 2011 - Item 1"
ee742b1a-02fe-4a36-9268-0781e694ed42,"Monthly Temperature Anomalies in the Dominican Republic, Jan  Mar 2011"
efc3431e-a983-4a2b-a146-bec547e891e0,"Visual comparison of changes from year 2006 to 2010 - Municipality of Santiago Atitlán"
f0db34dd-cdff-4361-9477-0c095edbe591,"Landslide scar monitoring on Volcan San Salvador from February to November 2009"
f2e70ecc-e51d-4ed2-b340-a98875d3db76,"Panama, Chiriqui Province - Barú"
f3ef5d03-a27c-460b-a25a-7aca4be21ed0,"ALI image, 19 June 2005, Volcán Turrialba, false color (mid infrareds, near infrared)"
f46fef6b-b7c8-4b93-b4b2-f33bd2338ec8,"Costa Rica, Puntarenas Province"
f5e286a6-c248-4788-ab6b-5ddccf9946ff,"Comparison of various affected areas around Lago Ilopango, El Salvador"
f71aa829-5782-4a37-95d8-8cd5c49c12df,"Las Flores"
f828c37e-37c1-442c-84b1-de5b05dec8f9,"Honduras"
f88bc4b7-98a3-4a79-a9ce-206dff2fb11c,"NDVI Comparison for the Dry season 2010-2011"
f9e67e97-6fb5-4514-83c6-db76c39d2f19,"Areas affected by floods in the Department of San Miguel, El Salvador"
f9f9fa59-bab1-4445-b7f2-1cebe33b300d,"Lake Atitlans surface extent data in GIS format - 1995 Dec 3"
fc0e6045-f418-4dfb-8ba3-6d1cf730ffe2,"Reappearance of pollution in Lake Atitlán, Sololá, Guatemala, May 2011 - Interactive Map"
fd413511-ba5e-4afc-a347-c826d7174fe0,"Topographic map of the affected area"
ff0f2ea8-fd6a-4173-b05f-d047b721bc45,"Identification of the affected area of Lake Atitlan, for the day May 13, 2011"
006e73e1-3d3a-460a-bcdf-1ff4fdc205e0,"National ALOS PALSAR Imagery Mosaics - El Salvador"
009e3cc6-cbc1-4aa1-b7c8-199ca872d5a1,"Rio Salamá Watershed - Sediment concentration (Normal historic precipitation)"
0444d53a-0e33-4bf8-b49a-dc3275b5a198,"Floods along Rio Las Vacas, Chinautla"
048042b6-6ea7-4211-98d5-71a357ffd147,"ALOS PALSAR imagery of Panama's Darien Province"
04aba2cc-9279-485c-824a-34e954ebd34f,"Landslides and bridge possibly damaged by erosion along Ruta San Vicente in San Sebastian, El Salvador"
0568ebd6-1eba-48c2-8b63-f397ec4cf269,"Baja Verapaz, Guatemala"
06858378-a389-45ea-9eb1-7bde4de98103,"National ALOS PALSAR Imagery Mosaics - Costa Rica"
0711bba7-6cee-43f9-85ac-106f72db69a9,"Salvadorian settlements with landslide hazard"
07fe935a-531e-4584-bf5e-2c930d191c32,"Rio Salamá Watershed - Sediment concentration (Precipitation 11-13 October 2011)"
08084f24-cb8b-44fe-8208-80fcd0610ace,"MODIS Hot Spots from April 6-12, 2011"
08bfec14-1089-47fd-a410-4d7edb95a712,"The National Palace, Port-au-Prince, Haiti, January 13, 2010"
09004f4b-d274-47a5-8ab8-b415e0f5ded2,"ASTER image, 16 January 2010, Volcán Turrialba, false color (near infrared, red, green), showing smoke"
0c1b498b-6704-4964-8a64-68127a29f312,"Floods in Achiguate watershed, Escuintla"
0d57a440-686a-41b6-9f34-a4b2d8396f68,"Preliminary Analysis of Floods in the San Vicente area, El Salvador, Nov 2009"
0d583a02-ba12-4c17-aa93-543c0d1a5d6e,"Ahuachapán, El Salvador"
0dfa78b9-514d-428f-bf49-b1e46a1da8d3,"Lake Atitlans surface extent data in GIS format - 1999 Dec 30"
0e880772-35eb-4115-ad05-7f3c25b72f61,"Changes in the surface area of Lake Atitlan, Guatemala, 1986-2011 -- Lake Atitlan surface extent data in GIS format - 2009 Dec 9"
0fba9193-ad75-496a-8659-f26c3a4c4c71,"Seismic activity in Haiti, February and March 2010"
0ff03502-1cee-446e-bdfc-3831ca037897,"Laguna del Tigre National Park, Petén, Guatemala"
10bddcce-8b23-47f7-81e8-6d5e505bb747,"National ALOS PALSAR Imagery Mosaics - Panama"
121a9e68-247f-40c6-973a-9e619f832d2b,"Landsat 5 TM Image of Laguna del Tigre National Park, Petén, Guatemala (09 December 2009)"
124f0a64-5cd9-48e0-84db-2f0e947d40c9,"Rubble and smoke on Rue Champ de Mars and Boulevard Jeans-Jacques Dessalines, Port-au-Prince, Haiti, January 13, 2010"
14d2c563-8af5-4864-9256-edf043f9089b,"Central America and the Dominican Republic Regional Mosaic: ALOS PALSAR Imagery"
15f05ae1-385e-4497-a795-43919b29f3e2,"Accumulated precipitation in Costa Rica and Panama, Nov 2010"
16db5a1c-7020-485f-af0a-14cc66dd7efb,"Rapid evaluation of vegetation cover, through NDVI (WV-2) - Item 1"
17029b32-d375-40de-959a-754fc95b06f9,"Lake Atitlans surface extent data in GIS format - 2006 Nov 23"
17e8e9ee-94e8-4f9c-aff6-1d1993b11c5f,"Lake Atitlans surface extent data in GIS format - 2010 Jun"
1b375a97-d314-4f18-92ae-92f33697403e,"Precipitation, September 2011"
1b4c126c-e506-4565-b547-bcc487127500,"SERVIR analysis of heavy rains in the region of Central America and the Caribbean 2011 - Item 18"
1c6b6b23-6ab2-4d03-b638-03d0972c03ab,"Monthly accumulated rainfall in Panama for December 2010"
1e52d3da-349c-4152-8198-c25025713ae9,"Bathymetry, chlorophyll, and suspended sediments - Panajachel"
1f14f1ed-5abf-4cd5-b062-f4f72715917a,"ALI image, 19 June 2005, Volcán Turrialba and Irazú, false color (mid infrareds, near infrared)"
20f148f7-3bdc-4f67-9ecf-6790c6e1cfc1,"Changes in surface area of Xolotlán, March 1998 to February 1999"
21d86383-0047-41db-90ef-2910fa12da86,"Tropical Storm Maria and weather for Central America and the Caribbean, September 2011 - Item 4"
22fed0e7-066b-4275-9c9d-6f4d189bd0eb,"Floods in National Park Sipacate Naranjo"
23065b0b-e780-4fde-90fd-ce7ea8ab0cf7,"Tropical Storm Maria and weather for Central America and the Caribbean, September 2011 - Item 3"
2392834e-9b60-4247-a861-fdffa62e9bc9,"Earthquake Location Map"
24370170-e022-4016-98c7-91f3bef4cce4,"Regional Analyses of Temperature Anomalies under one scenario in the 2080s"
24a835a6-12a1-4bf9-bade-d13389384c25,"Lake Atitlans surface extent data in GIS format - 1987 May 5"
2693f5d0-c302-46a2-9140-0dffcebdea18,"Hydrometeorological events in Central America and the Caribbean, 2011 -- Hurricanes and Tropical Storms in Central America and the Caribbean, 2011"
2844a976-8483-466c-b811-9efe069a739b,"Possible landslides identified through EO-1 (ALI) satellite image interpretation and susceptibility to erosion in Haiti"
28ab3a31-6a64-43ac-bccb-b51ce21047e8,"Preliminary assessment of the rain effects triggered by Tropical Depression 11-E and Hurricane Karl over Lake Atitlan"
2a2bb946-ec91-4981-b613-d98c2c2300c5,"Hurricane Rina - Rainfall Forecasts"
2a8e3482-7d73-42c0-984c-957c982ae504,"Alta Verapaz, Guatemala"
2adb33e6-a11a-4cb4-82f4-7f13508d4d68,"Guija Lake - El Salvador, Guatemala - Increase in the surface area of the lake / adjacent flooded areas"
2b260a5d-9830-43d5-8aed-84cba45f0f82,"7-day rainfall accumulation forecast for Mesoamerica and the Caribbean, 2-8 Nov 2010"
2b895e99-78db-443b-9fdc-bd2107302fbe,"Lake surface area changes, between 1988 and 2009 (Landsat Thematic Mapper 5) - Item 1"
2bd9263e-a14f-4d73-b71f-8de4dd881adf,"Lake Atitlans surface extent data in GIS format - 2001 Mar 22"
2cfd778d-a674-43f8-a8d7-86cd075d2b7b,"Rio Lempa Watershed - Percent increase in sediment concentration"
2d9ffb72-4ae3-48a2-b878-65549758c643,"Rio Paz Watershed - Sediment concentration (Normal historic precipitation)"
2e6de115-8f4a-41ea-a765-b8ebcdbe40e4,"3.5-week accumulated precipitation, 1-26 September 2010, Central America and the Dominican Republic"
2e9745d2-27f4-4df2-88e7-f651a5c86a42,"Precipitation Anomalies  January-September, 2011"
2eb7cf0a-0e2e-40b0-aa53-c7cd1db5ed86,"ALI image, 21 January 2010, Volcán Turrialba and Irazú, false color (near infrared, red, green), showing smoke"
2fc6014a-5ff0-475d-a2e7-5072c22d247a,"Guatemala"
2fcb627b-d2de-4e3e-97c8-2e383a6dafbb,"ALI image, 21 January 2010, Volcán Turrialba, false color (near infrared, red, green), showing smoke"
30a53bb3-1dc3-4fbe-b1cf-7aa81b9f1d8e,"Shapefile of Lake Managua or Xolotlán - 12 Dec 1998 (post-Mitch)"
3135668a-1969-4634-9dfb-a353840c13c0,"Santa Ana, El Salvador"
32b5e2cd-ff8f-4245-90f9-bfdfa26b0dc2,"Accumulated rainfall, 1-16 October 2011"
332e8d7e-8049-4e63-9c25-f574fe476eff,"SERVIR analysis of heavy rains in the region of Central America and the Caribbean 2011 - Item 13"
33392621-f0e5-4481-8b80-8507805d4d31,"Weather forecast"
36113bd7-6ff8-4f62-935a-b49e364b994d,"Fires in Colombia 31 December 2009  7 January 2010"
36fe2b74-4b58-4efa-a582-c3bccabaf376,"ALI image, 19 June 2005, Volcán Turrialba and Irazú, true color"
37505d18-ec24-44fc-bc3d-60e242142638,"Tropical Storm Nicole and Accumulated rainfall in the Caribbean from September 24 - 30, 2010"
382f508b-3521-4a02-8b31-0b1743a00874,"Precipitation-Temperature Change Severity Index, Jan  Mar 2011"
38721d6b-4514-43f9-b64d-ce59aa436eec,"Case study of floods provoked by Hurricane Mitch in Lake Managua or Xolotlan, Mar 1998  Feb 1999"
395e3c17-8675-413a-9720-105f8237a351,"Earthquake and aftershocks in Haiti, January 12-13, 2010"
39d2b4c7-76ee-4942-9cca-ed9815a5582d,"Visual comparison of changes from year 2006 to 2010 - Municipality of Sololá"
3d2cb9a7-3058-4d10-a0be-73714f9cdfaa,"SERVIR analysis of heavy rains in the region of Central America and the Caribbean 2011 - Item 11"
3d900ab5-940c-4556-a3c6-517e8cf91001,"Changes in the surface area of Lake Atitlan, Guatemala, 1986-2011 -- Lake Atitlan surface extent data in GIS format - 2008 May 28"
3da82da4-00aa-43fb-a81c-b4cc2712cdac,"Changes in the surface area of Lake Atitlan, Guatemala, 1986-2011 -- Lake Atitlan surface extent data in GIS format - 1989 Jan 8"
3ed3a621-89c6-4fff-a797-a73d4eb28c69,"Guatemala, Guatemala"
405f4f76-9331-4655-936a-2754e225e1a7,"Lake Atitlans surface extent data in GIS format - 1996 Dec 5"
406ae870-6564-4077-b868-8aafe9bbdfd1,"NDVI animation for 2000-2010"
406b9b6f-dc93-4fd4-92f8-98c4281fdd46,"Floods at the Embalse 15 de Septiembre, El Salvador"
4098ed24-1314-45d0-bce0-8d792e3077db,"Landsat 1 MSS Image of Laguna del Tigre National Park, Petén, Guatemala (14 February 1974)"
40f63503-bf70-4106-8060-28bc3f5cb396,"7-day Accumulated rainfall in Nicaragua, 19-26 Aug 2010"
431e5c08-f51d-4cfa-a099-90430342a307,"Lake Atitlans surface extent data in GIS format - 1986 Jan 8"
444d7fb7-ae01-4144-8360-f5ad205fcf5c,"Landsat 5 TM Image of Laguna del Tigre National Park, Petén, Guatemala (13 May 1985)"
459b17b6-0637-4ac9-9957-8f245591e122,"Flood analysis of Colon, Panama"
4636f245-2c72-49dc-854c-03e8e67d6625,"MODIS image of Nicaraguas lakes during dry season"
46c90605-3bb4-4605-8a63-fd0b108af558,"ALI image, 21 January 2010, Volcán Turrialba, true color, showing smoke"
476f0fb8-89db-480e-913f-4fd36beb306a,"NDVI for 2000-2001"
47e4c1ba-95f1-4fb6-9ef4-326aed55f52f,"National ALOS PALSAR Imagery Mosaics - Honduras"
48269762-da72-499a-aa27-5d597f0280b1,"Lake Atitlans surface extent data in GIS format - 1988 Oct 20"
4a038759-1e9a-479e-bef9-065f0a2ab533,"Hyperion image, 16 January 2010, Volcán Turrialba, false color (mid infrared, near infrared, green), showing intense heat"
4a5e85cb-c293-4682-a5c8-28bed27692cf,"Floods in southwestern Guatemalan"
4a9ab76b-5ec6-49d9-87fc-573ff22e2e4c,"Total Surface Runoff 2000-2010"
4b08a3c6-e4bc-42b7-b6d0-ecaff91743b8,"Lake Atitlans surface extent data in GIS format - 2006 Feb 24"
4b8f32f3-530f-4abc-be62-20b71b1be89f,"El Progreso, Guatemala"
4c925535-3b12-4990-bf72-1de071e3e0a0,"Floods in Izabal, Guatemala"
4cba8395-754b-4820-8d2b-69ae4cb89a53,"Floods in El Salvador, La Paz, Nahualapa Lagoon, October 2011"
4cdd9eb4-8e11-4506-9625-39f25a4a47f6,"Rainfall forecast, 17 and 18 October"
4d6db669-ad00-4aaa-bfda-6dd6c7a7b626,"Impacts of Hurricane Richard on the Forest of central Belize using ALOS PALSAR"
4e26da2c-f433-4509-8a25-652672638c29,"Rio Lempa Watershed - Sediment concentration (Precipitation 11-13 October 2011)"
50a8dc27-ba52-4704-936f-aba63899156a,"Precipitation forecast, September 6  13, 2010"
510e84ef-84aa-4ae0-a9ff-8374b3210d48,"Landsat 5 TM Image of Laguna del Tigre National Park, Petén, Guatemala (22 March 2001)"
52283ac0-09ad-4c1f-a94b-2178403b83bc,"Floods in Rio Cuilco and Rio Grande, North-west of Guatemala"
5238bd35-55b1-4700-9bad-f2efe62261bd,"Cloud movement, 29-30 Oct 2010"
525426fe-4615-40cc-ac5c-34bc867db069,"National ALOS PALSAR Imagery Mosaics - Guatemala"
5266c0d4-4394-451d-bd5e-0c5efa12c79a,"Animation of MODIS true color images"
54e9a888-951a-4c47-82a0-fecf9d6e690f,"Changes in the surface area of Lake Atitlan, Guatemala, 1986-2011 -- Identification of changes in the surface area of Lake Atitlán through satellite images"
54f666cf-fdf2-4029-b323-ad9c1e4a247c,"National ALOS PALSAR Imagery Mosaics - Belize"
56aa2949-0234-492f-b739-0de7bfbcabc7,"Changes in the surface area of Lake Atitlan, Guatemala, 1986-2011 -- Lake Atitlan surface extent data in GIS format - 1991 Sep 3"
576803e4-3206-4bbd-9ca4-85cb1d407260,"Landslides on Pan-American Highway, Totonicapan"
57fdaeab-ec53-41f9-8c57-26ac36b85c9a,"Floods along northern banks of Lake Managua, Nicaragua, 1 Sep 2010"
58ba0aea-e0b0-43a7-8bba-9e224bdd0a03,"Tropical Storm Emily Over the Caribbean, August 2011-08-09 - Item 5"
59130a16-b287-4780-a4a5-329406055add,"Shapefile of Lake Managua or Xolotlán - 24 Feb 1999 (post-Mitch)"
5bbed725-768b-4a01-b29d-cbd525f035b3,"ASTER and ALI Image Footprints -- Tropical Depression 12-E"
5bce0cc3-7a84-47e4-91fa-8cbb32c5b24a,"Floods detected in San Miguel Ixtahuacan, San Marcos"
5c09d82f-5f48-4375-98c9-e877fe258011,"Comparison of various affected areas in El Salvador"
5c519d22-ccd0-47c5-ac50-3397d33a51bb,"Changes in the surface area of Lake Atitlan, Guatemala, 1986-2011-- Lake Atitlan surface extent data in GIS format - 1993 Jan 1"
5d25b798-cb5a-4dd3-8ef6-ccaed81c657f,"Forest Damage caused by Hurricane Richard"
5e260b22-d79e-462e-a46a-1278ee5e562f,"National ALOS PALSAR Imagery Mosaics - Nicaragua"
5fcf9002-2c0d-4263-ac9b-e8e7b3e54ed8,"Accumulated rainfall (1-16 October, 2011) and Population Density"
60c3b00d-175b-4a3c-aead-b0f5c3bacd25,"General Area of Panama Canal Watershed"
61ebc913-f2c1-41c6-b78c-78d0bc600f09,"Tropical Storm Emily Over the Caribbean, August 2011-08-09 - Item 6"
62605f00-4110-4c55-8995-7ed61fc48543,"Precipitation anomalies in eastern Panama for December 2010"
631ad3a9-e58b-4333-920c-866ef205992a,"Damages identified in Guadalupe in the Department of San Vicente, El Salvador, 11 Nov 2009"
6435a1de-e199-41ff-b3c5-c5c7588181d6,"Shapefile of points where landslides were identified along the Pan-American highway. Tecpan, Guatemala"
644d80ee-5860-46d6-a3c5-5fab2b51805d,"ALI image, 21 January 2010, Volcán Turrialba, false color (mid infrareds, near infrared)"
64e3ce5d-a28c-4367-aa60-63f8a614eccc,"ALI image, 19 June 2005, Volcán Turrialba and Irazú, false color (near infrared, red, green)"
65bcab51-eed7-4edb-b38a-d0aefc639c74,"Animation of GOES Infrared satellite images"
66989d64-b073-4c53-ab2f-941ea63caf5a,"EVCC1: Sea Level Rise Focus Bocas"
676462b3-05c7-48a5-8274-3ac52b1d6037,"Changes in the surface area of Lake Atitlan, Guatemala, 1986-2011 -- Lake Atitlan surface extent data in GIS format - 1988 Nov 5"
6784b8c6-274c-42c5-9050-254647de6210,"Bathymetry, chlorophyll, and suspended sediments - Santiago Atitlán"
67f65805-2b01-4dcc-9f5b-d3b7ca07247a,"Sonsonate, El Salvador"
683c3cf4-7f2f-4026-ba52-d93a8e14f9b4,"Monitoring and eruption of Volcan Turrialba, Costa Rica, 2005 - 2010"
6a0288b8-6682-46a8-965b-f0b65f0b3828,"Impacts of Hurricane Richard on the Forest of central Belize using ASTER"
6a7c8b64-c94d-4d9b-9d71-2f882a836274,"Landslide susceptibility"
6ae4920b-0d1f-4744-9429-99c2528ae089,"Earthquake and aftershocks in southern Haiti, Jan 12-20, 2010"
6cb8d28e-ebc0-4a2d-88a7-104aa98eec8c,"15-day and daily accumulated rainfall in Panama for December 2010"
6d90ad76-92e5-4ca5-9170-a52a7ceffa8c,"Guatemala"
6e500a17-cfc0-436a-8545-36d893d981d3,"Changes in the surface area of Lake Atitlan, Guatemala, 1986-2011 -- Lake Atitlan surface extent data in GIS format - 1998 Dec 27"
6f53c492-0855-4534-ac9e-cdb60feffcbd,"Lake Atitlans surface extent data in GIS format - 1986 Nov 7"
6f931e88-398b-453f-9bab-eda6334c0c10,"Matthieu Dam collapse, Dominican Republic"
6fdfa9ec-052f-471c-b805-3b2fc864e57a,"Santa Rosa, Guatemala"
6fe7fbb1-f261-49fb-bb9d-6fa8381ce943,"Rio Paz Watershed - Sediment concentration (Precipitation 11-13 October 2011)"
719241e2-e3a9-47cc-9225-6249239fd7ba,"ALI image, 19 June 2005, Volcán Turrialba and Irazú, false color (mid infrared, near infrared, green)"
71c6565b-c2a0-4ef2-a7cc-1c3b3b101974,"MODIS image of Nicaraguas lakes at the beginning of the rainy season"
725fab47-ed79-4d3d-964b-91a16546a97a,"Hydrometeorological events in Central America and the Caribbean, 2011 -- Precipitation Anomalies in 2011 in Central America, Haiti and the Dominican Republic"
74775c14-1333-4112-9b69-a0f73dbc0889,"Flooding in Lake Enriquillo, Dominican Republic - March 2009 - Landsat, MODIS, SERVIR-Viz"
7488ec0c-2a26-4402-bc4e-2ee4742001d3,"7-day Precipitation Forecast for Mesoamerica and The Caribbean"
74d71115-9d63-461f-ac4d-046377ee1813,"Landslides and floods on the northern face of Volcan San Vicente, El Salvador, 11 Nov 2009"
751a95d8-14ed-46a9-ac6a-02c6db702c21,"SERVIR provides analysis of floods caused by heavy rainfall, October 2011 - Item 12"
75c65fac-1c4f-4be2-bff3-d8d2b9f2e7ef,"Panama, Chiriqui Province - David"
75cddfbc-37d1-4232-9c53-a0970621d66d,"Preliminary analysis of flooded areas in the District of Panama, Panama, 9 December 2010"
75cec989-dd95-4eb9-93e7-52e48798d1c5,"El Salvador"
7a309425-0c37-4867-8012-2ec5f45b09fb,"East Africa Livestock Production Systems 2009"
7b9683d7-eb14-435d-ad1d-0789285b50fa,"MODIS image of Nicaraguas lakes during the heavy rains"
7fae90f8-6e6f-4bed-99bf-d87e5e1c5e9d,"Shapefile of Lake Managua or Xolotlán - 12 May 1998 (pre-Mitch)"
7fbde33d-7a47-46d8-aef3-d74d7b3603c4,"MODIS image of Nicaraguas lakes during the rainy season, just before the heavy rains hit"
804a10e1-3c1a-4c41-9ec0-46708954b509,"Shapefile of Lake Managua or Xolotlán - 25 Mar 1998 (pre-Mitch)"
8071eebd-e272-4ff9-a5a0-68514517e593,"Lake Atitlans surface extent data in GIS format - 2010 Dec 4"
8088b091-fb65-4a28-b411-b6ac481e9f6d,"Shapefile of identified flooded areas in the southwestern part of Guatemala"
8116939e-7d46-42a2-93cd-ac270c69998f,"Precipitation Anomalies from January to March 2011 for Hispaniola"
81c9bf21-6f6d-48f0-a547-11f240388002,"Flooding in Lake Enriquillo, Dominican Republic - March 2009 - Landsat, MODIS"
82d40cd3-7ca4-4b6b-91f6-f5ff1a017378,"Costa Rica"
84426d4d-fc20-47ad-92c7-85f3cf69c106,"Satellite-based monitoring of Pacaya Volcano"
8448750f-ddc6-4500-a05c-d59ce6817cd2,"Hurricane Rina - Satellite Data"
85d162ca-5947-46c9-a65d-d89b2b2b9d75,"Hot Spots for Dominican Republic 01 Jan-08 Apr, 2011"
87eb1770-5bd8-4ef8-b350-44bb22cd6755,"Accumulated Rainfall from 28 August  4 September 2010"
88032be6-8086-4fff-b16f-7ced7e968fd6,"Changes in the surface area of Lake Atitlan, Guatemala, 1986-2011 -- Lake Atitlan surface extent data in GIS format - 2004 Nov 1"
89eab375-ed3a-44b7-a8a7-0077c96be1e0,"General Map of Pacaya Volcano Eruption"
8b069259-af6a-47cb-927e-4df5d89965cc,"Runoff Anomaly, Jan  Mar 2011"
8ba6210b-a889-4b58-afe2-919b144e2143,"Changes in the surface area of Lake Atitlan, Guatemala, 1986-2011--graph of the changes in surface area of Lake Atitlan"
8cafb662-eae9-4e70-bb9d-139bbff7a96d,"Escuintla, Guatemala"
8cb96e13-3cd4-4d14-90c8-7506051682e1,"Panama, Chiriqui Province - Alanje"
8d972c19-6835-4000-8a5b-67da3f42f7d5,"ASTER image, 10 June 2009, Volcán Turrialba and Irazú, false color (near infrared, red, green)"
8da08083-7ca7-4a57-99c5-e431ab4b023f,"Floods in Rio Grande, Baja Verapaz and Guatemala border"
8eac01c2-28ca-41f1-ae98-cd85027f960b,"MODIS Aqua imagery of the Republic of Panama, captured on Tuesday May 17, 2011 at 2:18pm local time"
8ee4271b-0dfb-4c38-95c2-141099d267cc,"Tropical Storm Maria and weather for Central America and the Caribbean, September 2011 - Item 2"
8f86610c-53f9-4169-803b-5f50c0dd9387,"Ground reports of volcanic matter"
8fea3aed-ce12-4ee4-bbaa-9e6c5eb81750,"Cerrón Grande Reservoir, El Salvador - Increase in the surface area after Tropical Depression 12-E"
90001fb2-f9b9-4294-a6b4-51d3a4b6134f,"Rapid evaluation of vegetation cover, through NDVI (WV-2) - Item 2"
93677605-70c6-431e-a737-4109bceb1b08,"SERVIR analysis of heavy rains in the region of Central America and the Caribbean 2011 - Item 5"
93d667aa-1be1-4fa1-873a-d1587c1bdaab,"Accumulated Rainfall from 23  29 May 2010"
940530a5-7639-4216-8a9e-8a1b01d65711,"Departments most affected by landslides, TD 11-E"
96323b6c-03b2-429c-ac4b-acc3db47cd52,"Kenya Land cover for 1990,2000 and 2010"
96604a46-358b-4ba4-a996-efce8fef29d0,"Jalapa, Guatemala"
96b803dd-4aba-47a3-81c6-d6d8c0db62d9,"Lake Atitlans surface extent data in GIS format - 2010 Feb 11"
97e0a767-bc26-4702-8ef8-bb438b3b41a3,"Changes in Lake Petén-Itzá"
989f1255-de01-4c1e-89cf-31c4402106b1,"Lake Atitlán Watershed - Sediment concentration (Normal historic precipitation)"
990a62b2-73eb-43c9-b255-ade67bb53dea,"Damages identified in Verapaz in the Department of San Vicente, El Salvador, 11 Nov 2009"
99caf19b-653b-4301-9d9e-75245f6f4d68,"Lake Atitlans surface extent data in GIS format - 1990 Jan 19"
9b548c9c-73ba-46f6-9213-dfb08dce9090,"Species Richness of Birds, Mammals and Amphibians"
9cc90827-6b02-4010-a481-57e62d0336c4,"Landsat 5 TM Image of Laguna del Tigre National Park, Petén, Guatemala (17 April 1993)"
9cd60fb7-cc82-4476-a7fe-5e25e746403f,"Precipitation Change Severity Index  January-September 2011"
9d077303-112b-4cd3-a6f0-6a1ad7991ad2,"Sedimentation in Coasts of El Salvador"
9d7afdb0-0ab3-4831-8158-8a5d01fc5b55,"Floods in Comitancillo, San Marcos"
9dc39fbf-3050-4c8c-80ae-0c26e1779bae,"Floods in San Marcos, Guatemala"
9e1f4981-68b9-4ed2-a64d-fd0d77584a18,"Landslides on Pan-American Highway, Solola"
9f26e7b2-4f67-45f9-bc56-b2b0a911af43,"Lake Atitlán Watershed - Percent increase in sediment concentration"
9f8f3edf-879c-443a-8e4e-b6ed027beec5,"Changes in the surface area of Lake Atitlan, Guatemala 1986-2011 - Landsat TM 4-5, Landsat 7 ETM+ and ALOS PALSAR images"
a1a600ab-d586-4aef-be49-0a174050d364,"El Salvador"
a29bd694-05b0-4593-9e76-639948786e60,"MODIS image of Nicaraguas lakes immediately after the first burst of heavy rains"
a2a0dd33-3c95-4682-bb85-34194cc99ec7,"Lake Atitlans surface extent data in GIS format - 1990 Feb 4"
a397dbd0-38d0-4dc3-8250-60958900c1c8,"Salamar Bridge Collapsed due to October 2011 Rains, Salamar Canton, La Zorra Caserio, Jalponga River"
a3e14b21-19b2-4f54-8918-d3271af4dd29,"Precipitation anomalies in Panama for December 2010"
a405e0dd-28e3-45c2-9762-70f0672af511,"SERVIR analysis of heavy rains in the region of Central America and the Caribbean 2011 - Item 4"
a650afce-85ea-4841-b96e-450161649a5c,"ASTER image, 10 June 2009, Volcán Turrialba, false color (near infrared, red, green)"
a7bc9d57-574a-4064-95eb-9688fc757e84,"Precipitation Anomalies, September 2011"
aa2fc6da-1898-4661-8304-d5b5f1552490,"Tropical Storm Emily Over the Caribbean, August 2011-08-09 - Item 4"
ab108acf-744f-4aaa-b2db-f7df672e02cf,"Increase in the stream bed of Rio Chixoy"
ab553164-56d5-4493-9f41-4639c18ac41c,"Department of San Miguel"
ac12cd12-aaa6-48b4-870e-939ee597c093,"Lake Atitlans surface extent data in GIS format - 1987 Oct 10"
ad53f919-a4f2-4fa4-b479-a205b2ba0325,"Tropical Storm Emily Over the Caribbean, August 2011-08-09 - Item 3"
ad5d4d59-e138-40c2-b0f5-9fe5fba9f2c6,"Floods in River Motagua, Izabal, Guatemala"
ad85a038-62d9-4309-8222-aa08f314b3ab,"Panama"
ae533c27-a5f5-4af7-a922-7c08f8957123,"Annual Monitoring of Hot Spots - Table and Graphic"
af2ea61c-e43d-46b4-a6d1-e16e5c74e119,"Effects of TS Agatha on Amatitlan Lake"
af564278-0c7f-4bfc-93dd-5d4467d1aa64,"Damaged dock, Port-au-Prince, Haiti, January 13, 2010"
75cf280f-db53-4549-b189-e63a9b7d1710,"Damages caused by the earthquake throughout central Port-au-Prince, Haiti, January 13, 2010"
75e09188-e569-4618-bc4d-89c382c21463,"Mesoscale Model Forecast MM5 for Mesoamerica and The Caribbean"
766c1c56-520c-4198-985e-982ac8db78d2,"Visual display of the Climate Change Severity Index under one scenario in the 2020s"
7900ce69-ec6a-4897-80da-0390da21c180,"Possible Obstructed lane identified near bridge on 25 Av. Sur in San Salvador"
79828003-7f36-4e7d-8d24-f6d4c89a8fd0,"Rio Paz Watershed - Percent increase in sediment concentration"
79b53e45-c396-44cf-b644-9f9de99eae31,"Rio Salamá Watershed - Percent increase in sediment concentration"
1af597e0-1047-4883-8deb-b3652e46609d,"SERVIR Template for Raster data and imagery"
2edebbb2-56e9-414b-aaf4-e141b472ed4e,"SERVIR Template for Raster data and imagery"
4288698e-cf5f-48e5-9869-d76de4a264ac,"TEST GOETZ"
b6664cf2-e99a-469b-8725-5b32cb1f983e,"SERVIR Template for Raster data and imagery"
a1e07505-edff-4e21-b171-d11085d9b147,"Pantropical National Level Carbon Stock"
d2247adb-17fc-4a6e-ab19-d3ada7754460,"Vegetation Carbon Stock Corridors"
2dd0eb7f-14a0-4c1c-aa22-14c382ba8ee6,"Wetland Inundation"
f7cf3d0d-c27e-41fd-ae63-dd01f9839181,"SMAP - Soil Moisture"
90dc9b46-9f59-4d28-a6db-63af5d891ee7,"Enhancing National Climate Services - (ENACTS)"
ec5da150-d043-414a-80cd-1b750debd805,"GPM / IMERG Precipitation Data"
8efe3a4e-69bb-4cf9-86b7-46c98221c3e8,"ClimateSERV"
